C-FKCR,43.663206,-79.699598,1466384688358,2000
C-FKCR,43.658411,-79.685604,1466384691655,2000
C-FKCR,43.657201,-79.685211,1466384694077,2000
C-FKCR,43.657379,-79.68371,1466384699999,2500
C-FKCR,43.652685,-79.685473,1466384703124,2500
C-FKCR,43.651009,-79.685996,1466384710968,2500
C-FKCR,43.648216,-79.686323,1466384712530,2500
C-FKCR,43.648216,-79.697832,1466384715609,2500
C-FKCR,43.647079,-79.699806,1466384716921,2500
C-FKCR,43.64249,-79.703326,1466384722484,2500
C-FKCR,43.642502,-79.703319,1466384723546,2500
C-FKCR,43.639697,-79.705026,1466384725030,2500
C-FKCR,43.638394,-79.70823,1466384733327,3000
C-FKCR,43.635507,-79.710977,1466384736718,3000
C-FKCR,43.633692,-79.714181,1466384744359,3000
C-FKCR,43.633692,-79.714181,1466384745515,3000
C-FKCR,43.631104,-79.71603,1466384748718,3500
C-FKCR,43.631104,-79.71603,1466384749890,3500
C-FKCR,43.630294,-79.723925,1466384753140,3500
C-FKCR,43.63028,-79.723887,1466384755015,3500
C-FKCR,43.625793,-79.735512,1466384756109,3500
C-FKCR,43.625406,-79.739816,1466384758046,3500
C-FKCR,43.623505,-79.744518,1466384762499,4000
C-FKCR,43.623497,-79.744524,1466384764609,4000
C-FKCR,43.621582,-79.750011,1466384765843,4000
C-FKCR,43.618888,-79.75453,1466384771281,4000
C-FKCR,43.615402,-79.764,1466384774327,4500
C-FKCR,43.615397,-79.764012,1466384775421,4500
C-FKCR,43.614792,-79.768982,1466384777781,4500
C-FKCR,43.612793,-79.776902,1466384785312,5000
C-FKCR,43.611719,-79.780622,1466384786421,5000
C-FKCR,43.608181,-79.790628,1466384790906,5000
C-FKCR,43.609314,-79.80143,1466384792609,5000
C-FKCR,43.610788,-79.808677,1466384799687,5500
C-FKCR,43.610788,-79.808677,1466384801031,5500
C-FKCR,43.609811,-79.817897,1466384807781,5500
C-FKCR,43.617399,-79.828099,1466384813640,6000
C-FKCR,43.618888,-79.830976,1466384815390,6000
C-FKCR,43.623779,-79.838796,1466384821437,6000
C-FKCR,43.626709,-79.843205,1466384824452,6000
C-FKCR,43.629502,-79.84981,1466384827421,6000
C-FKCR,43.631783,-79.852295,1466384828999,6000
C-FKCR,43.633087,-79.852295,1466384830765,6500
C-FKCR,43.635315,-79.856425,1466384832265,6500
C-FKCR,43.638394,-79.86387,1466384839499,6500
C-FKCR,43.642397,-79.86387,1466384840640,6500
C-FKCR,43.646494,-79.869298,1466384846843,6500
C-FKCR,43.648309,-79.869821,1466384848218,6500
C-FKCR,43.646494,-79.869298,1466384846843,6500
C-FKCR,43.648309,-79.869821,1466384848218,6500
C-FKCR,43.652918,-79.878518,1466384855765,6500
C-FKCR,43.657294,-79.885973,1466384858453,6500
C-FKCR,43.659482,-79.888981,1466384860390,6500
C-FKCR,43.660692,-79.890224,1466384863187,7000
C-FKCR,43.660692,-79.890224,1466384864312,7000
C-FKCR,43.660721,-79.890215,1466384865922,7000
C-FKCR,43.664416,-79.896502,1466384867562,7000
C-FKCR,43.668792,-79.903499,1466384870672,7000
C-FKCR,43.670515,-79.906115,1466384871687,7000
C-FKCR,43.674192,-79.91187,1466384874672,7000
C-FKCR,43.676422,-79.920299,1466384879703,7500
C-FKCR,43.680496,-79.926815,1466384881750,7500
C-FKCR,43.680477,-79.92678,1466384883015,7500
C-FKCR,43.680679,-79.926687,1466384886672,7500
C-FKCR,43.685504,-79.934431,1466384889719,7500
C-FKCR,43.685715,-79.934416,1466384891562,7500
C-FKCR,43.685691,-79.934431,1466384893187,8000
C-FKCR,43.690811,-79.942671,1466384894312,8000
C-FKCR,43.693418,-79.946725,1466384900547,8000
C-FKCR,43.69528,-79.949275,1466384904922,8000
C-FKCR,43.69798,-79.953199,1466384906187,8500
C-FKCR,43.70082,-79.956992,1466384907422,8500
C-FKCR,43.69528,-79.949275,1466384904922,8000
C-FKCR,43.69798,-79.953199,1466384906187,8500
C-FKCR,43.70082,-79.956992,1466384907422,8500
C-FKCR,43.703799,-79.964316,1466384910391,8500
C-FKCR,43.704591,-79.967521,1466384912906,8500
C-FKCR,43.707989,-79.972818,1466384913906,8500
C-FKCR,43.713318,-79.98098,1466384923234,9000
C-FKCR,43.714181,-79.981777,1466384924469,9000
C-FKCR,43.71851,-79.988382,1466384929203,9000
C-FKCR,43.722793,-79.99721,1466384935234,9500
C-FKCR,43.724795,-80.001787,1466384936578,9500
C-FKCR,43.724795,-80.001787,1466384937672,9500
C-FKCR,43.728286,-80.008785,1466384942125,9500
C-FKCR,43.732802,-80.017417,1466384944250,9500
C-FKCR,43.734803,-80.020883,1466384945422,9500
C-FKCR,43.739412,-80.02958,1466384953469,10000
C-FKCR,43.742298,-80.035597,1466384957266,10000
C-FKCR,43.746488,-80.043902,1466384960359,10000
C-FKCR,43.746907,-80.044033,1466384961500,10000
C-FKCR,43.751404,-80.052391,1466384964031,10000
C-FKCR,43.752912,-80.05273,1466384965344,10000
C-FKCR,43.755193,-80.055019,1466384970500,10500
C-FKCR,43.759895,-80.060185,1466384973109,10500
C-FKCR,43.764411,-80.063389,1466384977344,10500
C-FKCR,43.769811,-80.071695,1466384981828,10500
C-FKCR,43.7713,-80.073787,1466384983406,10500
C-FKCR,43.774512,-80.078626,1466384991563,10500
C-FKCR,43.776002,-80.080784,1466384992625,10500
C-FKCR,43.781216,-80.088174,1466384998000,10500
C-FKCR,43.783404,-80.091902,1466384999860,10500
C-FKCR,43.787687,-80.098506,1466385008000,11000
C-FKCR,43.795601,-80.112109,1466385011703,11000
C-FKCR,43.795601,-80.112109,1466385012750,11000
C-FKCR,43.803002,-80.123422,1466385019938,11000
C-FKCR,43.807114,-80.130573,1466385027735,11000
C-FKCR,43.815711,-80.143629,1466385031047,11000
C-FKCR,43.815711,-80.143629,1466385032266,11000
C-FKCR,43.818923,-80.147422,1466385036579,11500
C-FKCR,43.822694,-80.151869,1466385042110,11500
C-FKCR,43.822694,-80.151869,1466385043360,11500
C-FKCR,43.832191,-80.167498,1466385046625,11500
C-FKCR,43.83922,-80.180381,1466385056704,11500
C-FKCR,43.846808,-80.197187,1466385066829,11500
C-FKCR,43.855513,-80.213274,1466385073032,11500
C-FKCR,43.856305,-80.220402,1466385076516,11500
C-FKCR,43.859005,-80.228773,1466385079907,12000
C-FKCR,43.859703,-80.25153,1466385084829,12000
C-FKCR,43.859796,-80.254604,1466385087063,12000
C-FKCR,43.860122,-80.257808,1466385088876,12000
C-FKCR,43.859796,-80.254604,1466385087063,12000
C-FKCR,43.860122,-80.257808,1466385088876,12000
C-FKCR,43.86319,-80.269371,1466385095532,12500
C-FKCR,43.864917,-80.276511,1466385096923,12500
C-FKCR,43.867105,-80.288674,1466385101110,12500
C-FKCR,43.86969,-80.297795,1466385106595,12500
C-FKCR,43.869712,-80.29783,1466385107642,12500
C-FKCR,43.870782,-80.305612,1466385108767,12500
C-FKCR,43.873296,-80.317906,1466385111548,12500
C-FKCR,43.875717,-80.329808,1466385114048,13000
C-FKCR,43.875687,-80.329796,1466385115282,13000
C-FKCR,43.875112,-80.3302,1466385118720,13000
C-FKCR,43.875391,-80.33929,1466385121111,13000
C-FKCR,43.87738,-80.35311,1466385124064,13000
C-FKCR,43.877393,-80.353088,1466385125251,13000
C-FKCR,43.878696,-80.361132,1466385127267,13000
C-FKCR,43.878696,-80.361132,1466385129189,13000
C-FKCR,43.881582,-80.376304,1466385134923,13000
C-FKCR,43.881303,-80.376696,1466385138579,13500
C-FKCR,43.8854,-80.397622,1466385141251,13500
C-FKCR,43.8854,-80.397622,1466385142548,13500
C-FKCR,43.887914,-80.409982,1466385146751,13500
C-FKCR,43.88931,-80.417502,1466385148048,13500
C-FKCR,43.88931,-80.417502,1466385148048,13500
C-FKCR,43.89201,-80.429731,1466385155314,14000
C-FKCR,43.894803,-80.444576,1466385160798,14000
C-FKCR,43.896712,-80.45432,1466385167142,14500
C-FKCR,43.899505,-80.46923,1466385174658,14500
C-FKCR,43.90329,-80.48699,1466385178454,14500
C-FKCR,43.9043,-80.491987,1466385180189,14500
C-FKCR,43.905304,-80.497209,1466385181861,14500
C-FKCR,43.906907,-80.504281,1466385185251,15000
C-FKCR,43.908303,-80.511802,1466385188923,15000
C-FKCR,43.910119,-80.519387,1466385190908,15000
C-FKCR,43.910119,-80.519387,1466385193611,15000
C-FKCR,43.915286,-80.544303,1466385201454,15000
C-FKCR,43.916823,-80.551823,1466385206673,15500
C-FKCR,43.916823,-80.551823,1466385207830,15500
C-FKCR,43.92009,-80.566577,1466385210955,15500
C-FKCR,43.921105,-80.571572,1466385212939,15500
C-FKCR,43.923712,-80.584128,1466385217845,15500
C-FKCR,43.9259,-80.593872,1466385221611,15500
C-FKCR,43.925903,-80.595703,1466385224689,15500
C-FKCR,43.928414,-80.608128,1466385225845,15500
C-FKCR,43.929611,-80.612885,1466385228767,16000
C-FKCR,43.933116,-80.630232,1466385235189,16000
C-FKCR,43.934699,-80.63749,1466385240626,16000
C-FKCR,43.937818,-80.651093,1466385244048,16000
C-FKCR,43.940704,-80.664498,1466385248845,16500
C-FKCR,43.942985,-80.674504,1466385251986,16500
C-FKCR,43.945918,-80.686994,1466385256861,16500
C-FKCR,43.948106,-80.697196,1466385261611,17000
C-FKCR,43.950211,-80.707227,1466385266455,17000
C-FKCR,43.9502,-80.707201,1466385268845,17000
C-FKCR,43.9502,-80.707201,1466385268845,17000
C-FKCR,43.955321,-80.729632,1466385274752,17000
C-FKCR,43.955321,-80.729632,1466385277095,17000
C-FKCR,43.957602,-80.739702,1466385278220,17000
C-FKCR,43.958084,-80.742613,1466385281580,17000
C-FKCR,43.961187,-80.755397,1466385282970,17000
C-FKCR,43.96249,-80.764029,1466385290002,17500
C-FKCR,43.965516,-80.779397,1466385293236,17500
C-FKCR,43.968123,-80.792018,1466385301627,17500
C-FKCR,43.96952,-80.799604,1466385305018,17500
C-FKCR,43.969008,-80.80307,1466385307674,17500
C-FKCR,43.97081,-80.815813,1466385310736,17500
C-FKCR,43.972685,-80.825827,1466385313736,18000
C-FKCR,43.970311,-80.827789,1466385316299,18000
C-FKCR,43.97059,-80.841326,1466385318080,18000
C-FKCR,43.971588,-80.853626,1466385319877,18000
C-FKCR,43.971801,-80.858525,1466385324846,18000
C-FKCR,43.97222,-80.865718,1466385329549,18000
C-FKCR,43.97222,-80.865718,1466385329549,18000
C-FKCR,43.972685,-80.876574,1466385332346,18000
C-FKCR,43.973104,-80.890372,1466385336830,18500
C-FKCR,43.974082,-80.903582,1466385342096,18500
C-FKCR,43.974315,-80.909206,1466385343143,18500
C-FKCR,43.974687,-80.940595,1466385354393,19000
C-FKCR,43.973523,-80.944584,1466385358486,19000
C-FKCR,43.974594,-80.975189,1466385368705,19000
C-FKCR,43.974289,-80.980927,1466385370346,19500
C-FKCR,43.972778,-80.995592,1466385376627,19500
C-FKCR,43.971196,-81.002393,1466385379830,19500
C-FKCR,43.971196,-81.002393,1466385381205,19500
C-FKCR,43.970683,-81.008279,1466385382362,19500
C-FKCR,43.970218,-81.013707,1466385384612,19500
C-FKCR,43.970311,-81.027113,1466385388580,19500
C-FKCR,43.970311,-81.027113,1466385388580,19500
C-FKCR,43.969892,-81.040388,1466385393502,19500
C-FKCR,43.969985,-81.039668,1466385394690,19500
C-FKCR,43.970078,-81.051891,1466385399112,20000
C-FKCR,43.97059,-81.055821,1466385403002,20000
C-FKCR,43.971102,-81.069423,1466385408721,20000
C-FKCR,43.971382,-81.094273,1466385420315,20000
C-FKCR,43.971817,-81.100627,1466385421799,20000
C-FKCR,43.971102,-81.112584,1466385427971,20500
C-FKCR,43.971289,-81.130698,1466385429643,20500
C-FKCR,43.971102,-81.138676,1466385430784,20500
C-FKCR,43.971009,-81.141815,1466385434049,20500
C-FKCR,43.970916,-81.158622,1466385435768,20500
C-FKCR,43.970823,-81.164115,1466385441627,20500
C-FKCR,43.970404,-81.178371,1466385448081,20500
C-FKCR,43.970404,-81.178371,1466385448081,20500
C-FKCR,43.970404,-81.21303,1466385456065,20500
C-FKCR,43.970404,-81.218327,1466385461987,20500
C-FKCR,43.970497,-81.231929,1466385464518,21000
C-FKCR,43.970683,-81.239711,1466385466924,21000
C-FKCR,43.970916,-81.268027,1466385480987,21500
C-FKCR,43.970823,-81.275809,1466385482206,21500
C-FKCR,43.971009,-81.282022,1466385486409,21500
C-FKCR,43.971009,-81.291373,1466385488440,21500
C-FKCR,43.971009,-81.296278,1466385489675,21500
C-FKCR,43.970823,-81.31073,1466385497222,21500
C-FKCR,43.970916,-81.318185,1466385502393,21500
C-FKCR,43.971009,-81.326032,1466385503565,21500
C-FKCR,43.970823,-81.331591,1466385505425,21500
C-FKCR,43.971009,-81.349509,1466385510300,22000
C-FKCR,43.970823,-81.360103,1466385515456,22000
C-FKCR,43.970916,-81.382207,1466385524253,22000
C-FKCR,43.971196,-81.383972,1466385529065,22000
C-FKCR,43.971313,-81.39713,1466385530190,22000
C-FKCR,43.971102,-81.402806,1466385534690,22000
C-FKCR,43.971102,-81.405422,1466385537565,22000
C-FKCR,43.971196,-81.415296,1466385538878,22000
C-FKCR,43.969287,-81.436811,1466385544956,22000
C-FKCR,43.969287,-81.436811,1466385547675,22000
C-FKCR,43.967983,-81.449302,1466385549409,22500
C-FKCR,43.967102,-81.455192,1466385551503,22500
C-FKCR,43.967099,-81.455187,1466385552612,22500
C-FKCR,43.966913,-81.47559,1466385559019,22500
C-FKCR,43.966913,-81.47559,1466385560690,22500
C-FKCR,43.967192,-81.503318,1466385569409,22500
C-FKCR,43.967192,-81.503318,1466385569409,22500
C-FKCR,43.964911,-81.509923,1466385571190,22500
C-FKCR,43.965609,-81.51862,1466385576003,22500
C-FKCR,43.966587,-81.523329,1466385577894,22500
C-FKCR,43.967192,-81.538173,1466385581815,23000
C-FKCR,43.968821,-81.549421,1466385591675,23000
C-FKCR,43.969706,-81.561715,1466385597175,23000
C-FKCR,43.97059,-81.571982,1466385600503,23500
C-FKCR,43.971289,-81.585977,1466385603784,23500
C-FKCR,43.973523,-81.613181,1466385611956,24000
C-FKCR,43.973511,-81.613216,1466385613269,24000
C-FKCR,43.973197,-81.624429,1466385615284,24500
C-FKCR,43.973282,-81.630015,1466385618159,24500
C-FKCR,43.97329,-81.629987,1466385619909,24500
C-FKCR,43.973011,-81.643786,1466385624550,25000
C-FKCR,43.973011,-81.643786,1466385625831,25000
C-FKCR,43.973011,-81.643786,1466385624550,25000
C-FKCR,43.973011,-81.643786,1466385625831,25000
C-FKCR,43.972778,-81.652091,1466385630316,25000
C-FKCR,43.971405,-81.688523,1466385633894,25000
C-FKCR,43.97208,-81.692832,1466385635706,25000
C-FKCR,43.974687,-81.736581,1466385638691,25500
C-FKCR,43.974687,-81.736581,1466385640706,25500
C-FKCR,43.975385,-81.753518,1466385643800,25500
C-FKCR,43.975804,-81.76869,1466385645628,25500
C-FKCR,43.976084,-81.780919,1466385649191,25500
C-FKCR,43.976223,-81.78942,1466385653769,25500
C-FKCR,43.976502,-81.810019,1466385661394,25500
C-FKCR,43.977387,-81.840886,1466385668050,25500
C-FKCR,43.977108,-81.848929,1466385671004,25500
C-FKCR,43.977108,-81.848929,1466385672394,25500
C-FKCR,43.977387,-81.862074,1466385675488,26000
C-FKCR,43.977899,-81.876722,1466385678566,26000
C-FKCR,43.978784,-81.890913,1466385683754,26000
C-FKCR,43.979389,-81.913932,1466385690504,26000
C-FKCR,43.981623,-81.964024,1466385706988,26000
C-FKCR,43.983578,-81.980831,1466385710426,26000
C-FKCR,43.983578,-81.980831,1466385711566,26000
C-FKCR,43.979203,-81.972002,1466385715066,26000
C-FKCR,43.980789,-81.987326,1466385721145,26000
C-FKCR,43.983811,-81.998814,1466385722223,26000
C-FKCR,43.978597,-81.985474,1466385732238,26000
C-FKCR,43.979482,-82.012678,1466385740988,26000
C-FKCR,43.980506,-82.034716,1466385745895,26000
C-FKCR,43.980878,-82.040798,1466385749910,26000
C-FKCR,43.980878,-82.040798,1466385749910,26000
C-FKCR,43.980878,-82.040798,1466385751348,26000
C-FKCR,43.98018,-82.053811,1466385753535,26000
C-FKCR,43.979203,-82.063097,1466385754817,26000
C-FKCR,43.978923,-82.066302,1466385756535,26000
C-FKCR,43.977713,-82.079773,1466385761895,26000
C-FKCR,43.977108,-82.087882,1466385770426,26500
C-FKCR,43.977992,-82.099391,1466385773301,26500
C-FKCR,43.978411,-82.11901,1466385776817,26500
C-FKCR,43.979109,-82.130716,1466385779785,26500
C-FKCR,43.979715,-82.144906,1466385784739,26500
C-FKCR,43.979715,-82.144906,1466385786739,26500
C-FKCR,43.980087,-82.161909,1466385790082,26500
C-FKCR,43.980698,-82.170708,1466385792848,26500
C-FKCR,43.980692,-82.170672,1466385794160,26500
C-FKCR,43.980692,-82.179108,1466385801957,26500
C-FKCR,43.980785,-82.190486,1466385807254,27000
C-FKCR,43.980785,-82.190486,1466385807254,27000
C-FKCR,43.981018,-82.204415,1466385810926,27000
C-FKCR,43.98139,-82.210432,1466385813786,27000
C-FKCR,43.981484,-82.225473,1466385815379,27000
C-FKCR,43.981297,-82.231097,1466385816582,27000
C-FKCR,43.981204,-82.236982,1466385819926,27000
C-FKCR,43.981297,-82.251304,1466385821176,27000
C-FKCR,43.981297,-82.270595,1466385828754,27000
C-FKCR,43.981111,-82.273211,1466385832926,27000
C-FKCR,43.980785,-82.286878,1466385836286,27000
C-FKCR,43.980785,-82.301331,1466385844739,27500
C-FKCR,43.980881,-82.336781,1466385850707,27500
C-FKCR,43.980878,-82.336775,1466385852098,27500
C-FKCR,43.980692,-82.3543,1466385860426,27500
C-FKCR,43.979715,-82.369472,1466385861661,27500
C-FKCR,43.979389,-82.375619,1466385864473,27500
C-FKCR,43.979389,-82.375619,1466385864473,27500
C-FKCR,43.978784,-82.38327,1466385871301,28000
C-FKCR,43.977992,-82.396807,1466385878755,28000
C-FKCR,43.977806,-82.405374,1466385881348,28000
C-FKCR,43.978085,-82.418191,1466385883192,27500
C-FKCR,43.977899,-82.424469,1466385884333,27500
C-FKCR,43.977713,-82.45357,1466385891192,28000
C-FKCR,43.977992,-82.479597,1466385899958,28000
C-FKCR,43.977713,-82.525308,1466385913896,28500
C-FKCR,43.977387,-82.534071,1466385917521,28500
C-FKCR,43.97762,-82.536686,1466385919177,28500
C-FKCR,43.977201,-82.545711,1466385923755,28500
C-FKCR,43.976689,-82.574615,1466385931958,28500
C-FKCR,43.976596,-82.589525,1466385944130,28500
C-FKCR,43.977015,-82.606594,1466385946911,28500
C-FKCR,43.976921,-82.621307,1466385950505,28500
C-FKCR,43.977387,-82.637068,1466385952333,28500
C-FKCR,43.977992,-82.646419,1466385956786,28500
C-FKCR,43.977992,-82.646419,1466385957942,29000
C-FKCR,43.978318,-82.661591,1466385962067,29000
C-FKCR,43.97869,-82.691607,1466385971521,29000
C-FKCR,43.97869,-82.700827,1466385974911,29000
C-FKCR,43.979296,-82.713383,1466385976974,29000
C-FKCR,43.98032,-82.720381,1466385981411,29000
C-FKCR,43.980785,-82.736991,1466385985630,29500
C-FKCR,43.979296,-82.713383,1466385976974,29000
C-FKCR,43.98032,-82.720381,1466385981411,29000
C-FKCR,43.980785,-82.736991,1466385985630,29500
C-FKCR,43.981111,-82.789372,1466386000146,29500
C-FKCR,43.982694,-82.804609,1466386010614,30000
C-FKCR,43.981623,-82.821808,1466386013583,30000
C-FKCR,43.981297,-82.827432,1466386016833,30000
C-FKCR,43.981111,-82.84123,1466386021521,30000
C-FKCR,43.983997,-82.859214,1466386023989,30000
C-FKCR,43.985022,-82.893677,1466386036005,30000
C-FKCR,43.985022,-82.893677,1466386036005,30000
C-FKCR,43.988187,-82.924282,1466386051443,30000
C-FKCR,43.989584,-82.950505,1466386058052,30000
C-FKCR,43.992284,-82.962603,1466386061708,30000
C-FKCR,43.99382,-82.970712,1466386064271,30000
C-FKCR,43.99652,-82.989022,1466386071255,30000
C-FKCR,44.003596,-83.051017,1466386092083,30000
C-FKCR,44.008298,-83.055398,1466386094896,30000
C-FKCR,44.010811,-83.05821,1466386096943,30000
C-FKCR,44.013977,-83.085676,1466386111177,30000
C-FKCR,44.0184,-83.117327,1466386124256,30000
C-FKCR,44.019377,-83.119027,1466386125412,30000
C-FKCR,44.021891,-83.14597,1466386131490,30000
C-FKCR,44.022403,-83.154406,1466386135006,30000
C-FKCR,44.022589,-83.169185,1466386139428,30000
C-FKCR,44.024312,-83.19822,1466386150834,30000
C-FKCR,44.027803,-83.206526,1466386155896,30000
C-FKCR,44.029107,-83.220716,1466386159443,30000
C-FKCR,44.029386,-83.232095,1466386163193,30000
C-FKCR,44.02892,-83.246482,1466386168584,30000
C-FKCR,44.029386,-83.232095,1466386163193,30000
C-FKCR,44.02892,-83.246482,1466386168584,30000
C-FKCR,44.029312,-83.258802,1466386171537,30000
C-FKCR,44.029293,-83.258776,1466386172615,30000
C-FKCR,44.02771,-83.27519,1466386176178,30000
C-FKCR,44.02771,-83.27519,1466386178006,30000
C-FKCR,44.02892,-83.2884,1466386186443,30000
C-FKCR,44.033296,-83.32149,1466386192834,30000
C-FKCR,44.033901,-83.353991,1466386204553,30000
C-FKCR,44.036182,-83.359876,1466386211475,30000
C-FKCR,44.037905,-83.368116,1466386212818,30000
C-FKCR,44.039022,-83.379495,1466386216740,30000
C-FKCR,44.038091,-83.398002,1466386220334,30000
C-FKCR,44.039022,-83.412977,1466386223912,30000
C-FKCR,44.039301,-83.427298,1466386231740,30000
C-FKCR,44.041722,-83.449009,1466386237365,30000
C-FKCR,44.043398,-83.459276,1466386240272,30000
C-FKCR,44.037812,-83.473925,1466386245818,30000
C-FKCR,44.038882,-83.481772,1466386249881,30000
C-FKCR,44.051405,-83.498121,1466386256678,30000
C-FKCR,44.055222,-83.507472,1466386259631,30000
C-FKCR,44.058621,-83.514731,1466386264412,30000
C-FKCR,44.056991,-83.524017,1466386268147,30000
C-FKCR,44.059412,-83.534284,1466386269647,30000
C-FKCR,44.06039,-83.539777,1466386274303,30000
C-FKCR,44.058481,-83.555668,1466386281209,30000
C-FKCR,44.059878,-83.570709,1466386285881,30000
C-FKCR,44.058481,-83.555668,1466386281209,30000
C-FKCR,44.059878,-83.570709,1466386285881,30000
C-FKCR,44.067093,-83.583396,1466386290256,30000
C-FKCR,44.073983,-83.589216,1466386295475,30000
C-FKCR,44.074495,-83.594513,1466386298912,30000
C-FKCR,44.081617,-83.617728,1466386304256,30000
C-FKCR,44.085621,-83.629172,1466386313303,30000
C-FKCR,44.082316,-83.649902,1466386320850,30000
C-FKCR,44.079616,-83.66527,1466386324334,30000
C-FKCR,44.080593,-83.679788,1466386326553,30000
C-FKCR,44.078778,-83.695679,1466386329319,30000
C-FKCR,44.092185,-83.70333,1466386330975,30000
C-FKCR,44.092185,-83.70333,1466386332084,30000
C-FKCR,44.098702,-83.708627,1466386337209,30000
C-FKCR,44.104288,-83.722294,1466386340381,30000
C-FKCR,44.104288,-83.722294,1466386341475,30000
C-FKCR,44.107221,-83.744071,1466386353600,30000
C-FKCR,44.106895,-83.758981,1466386358756,30000
C-FKCR,44.110619,-83.783373,1466386362756,30000
C-FKCR,44.120489,-83.786512,1466386363913,30000
C-FKCR,44.123794,-83.806,1466386370303,30000
C-FKCR,44.12519,-83.813324,1466386373053,30000
C-FKCR,44.13748,-83.82418,1466386379882,30000
C-FKCR,44.137899,-83.837389,1466386382913,30000
C-FKCR,44.139109,-83.842228,1466386387413,30000
C-FKCR,44.14572,-83.856288,1466386389616,30000
C-FKCR,44.14572,-83.856288,1466386390694,30000
C-FKCR,44.152284,-83.868583,1466386394210,30000
C-FKCR,44.159779,-83.882969,1466386397163,30000
C-FKCR,44.159779,-83.882969,1466386398335,30000
C-FKCR,44.160384,-83.888986,1466386401335,30000
C-FKCR,44.164806,-83.894806,1466386402413,30000
C-FKCR,44.173418,-83.895591,1466386404913,30000
C-FKCR,44.176491,-83.900103,1466386406101,30000
C-FKCR,44.160384,-83.888986,1466386401335,30000
C-FKCR,44.164806,-83.894806,1466386402413,30000
C-FKCR,44.173418,-83.895591,1466386404913,30000
C-FKCR,44.176491,-83.900103,1466386406101,30000
C-FKCR,44.1784,-83.913901,1466386414085,30000
C-FKCR,44.177189,-83.938293,1466386424554,30000
C-FKCR,44.177189,-83.938293,1466386425898,30000
C-FKCR,44.178679,-83.964778,1466386431538,30000
C-FKCR,44.178912,-83.978773,1466386436257,30000
C-FKCR,44.183008,-84.003427,1466386444132,30000
C-FKCR,44.181984,-84.034097,1466386456054,30000
C-FKCR,44.183288,-84.049268,1466386461335,30000
C-FKCR,44.182496,-84.13317,1466386488023,30000
C-FKCR,44.182403,-84.161682,1466386496179,30000
C-FKCR,44.181379,-84.175873,1466386500445,30000
C-FKCR,44.181705,-84.191371,1466386504835,30000
C-FKCR,44.101821,-84.200788,1466386513945,30000
C-FKCR,44.101821,-84.200788,1466386515164,30000
C-FKCR,44.087995,-84.197584,1466386518179,30000
C-FKCR,44.068304,-84.230608,1466386522086,30000
C-FKCR,44.062717,-84.23172,1466386527492,30000
C-FKCR,44.062717,-84.23172,1466386527492,30000
C-FKCR,44.059179,-84.235971,1466386530601,30000
C-FKCR,44.078079,-84.26651,1466386536086,30000
C-FKCR,44.074495,-84.280504,1466386540320,30000
C-FKCR,44.071097,-84.294826,1466386546336,30000
C-FKCR,44.098609,-84.312613,1466386552195,30000
C-FKCR,44.104102,-84.328374,1466386555742,30000
C-FKCR,44.104102,-84.328374,1466386556836,30000
C-FKCR,44.105499,-84.342368,1466386560851,30000
C-FKCR,44.112295,-84.363294,1466386567976,30000
C-FKCR,44.113599,-84.374019,1466386575945,30000
C-FKCR,44.125423,-84.416003,1466386585164,30000
C-FKCR,44.126587,-84.422411,1466386586992,30000
C-FKCR,44.126587,-84.422411,1466386586992,30000
C-FKCR,44.12789,-84.434705,1466386595367,30000
C-FKCR,44.129008,-84.449223,1466386599117,30000
C-FKCR,44.131102,-84.475773,1466386602789,30000
C-FKCR,44.131894,-84.483817,1466386608086,30000
C-FKCR,44.132499,-84.488918,1466386610805,30000
C-FKCR,44.133896,-84.502912,1466386616477,30000
C-FKCR,44.135292,-84.514029,1466386620133,30000
C-FKCR,44.146418,-84.525277,1466386625524,30000
C-FKCR,44.146418,-84.525277,1466386626695,30000
C-FKCR,44.150189,-84.553005,1466386634289,30000
C-FKCR,44.164713,-84.566018,1466386640867,30000
C-FKCR,44.165411,-84.571315,1466386641883,30000
C-FKCR,44.167413,-84.585506,1466386647649,30000
C-FKCR,44.169415,-84.5995,1466386653008,30000
C-FKCR,44.171184,-84.613103,1466386660258,30000
C-FKCR,44.172115,-84.621669,1466386663399,30000
C-FKCR,44.174722,-84.637822,1466386664961,30000
C-FKCR,44.17691,-84.648416,1466386669633,30000
C-FKCR,44.179005,-84.662606,1466386674727,30000
C-FKCR,44.18082,-84.67392,1466386678664,30000
C-FKCR,44.181519,-84.682683,1466386684930,30000
C-FKCR,44.181612,-84.688699,1466386686133,30000
C-FKCR,44.181612,-84.688699,1466386687211,30000
C-FKCR,44.186407,-84.702628,1466386690836,30000
C-FKCR,44.194507,-84.707271,1466386695055,30000
C-FKCR,44.195298,-84.716581,1466386697274,30000
C-FKCR,44.197486,-84.742975,1466386701696,30000
C-FKCR,44.199115,-84.757378,1466386708118,30000
C-FKCR,44.199208,-84.763206,1466386709258,30000
C-FKCR,44.199115,-84.757378,1466386708118,30000
C-FKCR,44.199208,-84.763206,1466386709258,30000
C-FKCR,44.199115,-84.774996,1466386716336,30000
C-FKCR,44.200279,-84.789332,1466386721883,30000
C-FKCR,44.19972,-84.795629,1466386723602,30000
C-FKCR,44.211312,-84.821018,1466386729305,30000
C-FKCR,44.210986,-84.827985,1466386732633,30000
C-FKCR,44.210521,-84.831,1466386733805,30000
C-FKCR,44.208705,-84.840378,1466386734914,30000
C-FKCR,44.210707,-84.858197,1466386743586,30000
C-FKCR,44.209915,-84.858331,1466386747993,30000
C-FKCR,44.211498,-84.872801,1466386750883,30000
C-FKCR,44.210381,-84.896315,1466386755993,30000
C-FKCR,44.211079,-84.910985,1466386761477,30000
C-FKCR,44.211684,-84.925187,1466386764211,30000
C-FKCR,44.212383,-84.931417,1466386765446,30000
C-FKCR,44.212383,-84.940126,1466386768868,30000
C-FKCR,44.212383,-84.940126,1466386768868,30000
C-FKCR,44.213919,-84.965984,1466386780774,30000
C-FKCR,44.211219,-84.977908,1466386785915,30000
C-FKCR,44.211498,-84.99211,1466386790415,30000
C-FKCR,44.212103,-85.00658,1466386791665,30000
C-FKCR,44.21229,-85.020715,1466386796446,30000
C-FKCR,44.211684,-85.023327,1466386797602,30000
C-FKCR,44.21229,-85.048516,1466386808946,30000
C-FKCR,44.212522,-85.061779,1466386813743,30000
C-FKCR,44.213686,-85.084221,1466386822508,30000
C-FKCR,44.212522,-85.098423,1466386829149,30000
C-FKCR,44.212522,-85.098423,1466386829149,30000
C-FKCR,44.213081,-85.112491,1466386830680,30000
C-FKCR,44.212615,-85.123075,1466386838540,30000
C-FKCR,44.213314,-85.137411,1466386839790,30000
C-FKCR,44.2135,-85.145785,1466386840993,30000
C-FKCR,44.2135,-85.145785,1466386842352,30000
C-FKCR,44.212196,-85.150876,1466386848587,30000
C-FKCR,44.211591,-85.16213,1466386851868,30000
C-FKCR,44.209822,-85.166686,1466386853415,30000
C-FKCR,44.20959,-85.1835,1466386858540,30000
C-FKCR,44.209217,-85.197099,1466386861962,30000
C-FKCR,44.208798,-85.211167,1466386864571,30000
C-FKCR,44.208798,-85.211167,1466386865743,30000
C-FKCR,44.207681,-85.216593,1466386868946,30000
C-FKCR,44.2081,-85.22557,1466386872993,30000
C-FKCR,44.210521,-85.253973,1466386885915,30000
C-FKCR,44.210009,-85.25672,1466386887040,30000
C-FKCR,44.210102,-85.262079,1466386889040,30000
C-FKCR,44.210009,-85.25672,1466386887040,30000
C-FKCR,44.210102,-85.262079,1466386889040,30000
C-FKCR,44.208891,-85.266902,1466386891993,30000
C-FKCR,44.210102,-85.272395,1466386893087,30000
C-FKCR,44.210195,-85.28653,1466386894243,30000
C-FKCR,44.209496,-85.299928,1466386897384,30000
C-FKCR,44.209683,-85.302876,1466386903681,30000
C-FKCR,44.21201,-85.325987,1466386907900,30000
C-FKCR,44.21201,-85.325987,1466386909072,30000
C-FKCR,44.213407,-85.343003,1466386920447,30000
C-FKCR,44.213407,-85.351175,1466386922931,30000
C-FKCR,44.214012,-85.370803,1466386925056,30000
C-FKCR,44.210707,-85.380584,1466386928447,30000
C-FKCR,44.210707,-85.380584,1466386929962,30000
C-FKCR,44.210521,-85.389092,1466386931243,30000
C-FKCR,44.210195,-85.397331,1466386933947,30000
C-FKCR,44.210195,-85.397331,1466386935056,30000
C-FKCR,44.20959,-85.405303,1466386939978,30000
C-FKCR,44.209217,-85.413409,1466386942290,30000
C-FKCR,44.20931,-85.426606,1466386947587,30000
C-FKCR,44.20931,-85.426606,1466386947587,30000
C-FKCR,44.20931,-85.434712,1466386953790,30000
C-FKCR,44.210288,-85.464321,1466386959228,30000
C-FKCR,44.210707,-85.472628,1466386961603,30000
C-FKCR,44.210707,-85.47792,1466386964353,30000
C-FKCR,44.210707,-85.47792,1466386965478,30000
C-FKCR,44.211591,-85.486227,1466386968619,30000
C-FKCR,44.212103,-85.491787,1466386970931,30000
C-FKCR,44.213081,-85.51108,1466386978462,30000
C-FKCR,44.213686,-85.519521,1466386981072,30000
C-FKCR,44.215222,-85.541226,1466386991712,30000
C-FKCR,44.216712,-85.557504,1466386995540,30000
C-FKCR,44.217597,-85.56293,1466386999697,30000
C-FKCR,44.2189,-85.576194,1466387000822,30000
C-FKCR,44.219179,-85.58162,1466387002353,30000
C-FKCR,44.219598,-85.587181,1466387007681,30000
C-FKCR,44.219179,-85.58162,1466387002353,30000
C-FKCR,44.219598,-85.587181,1466387007681,30000
C-FKCR,44.216898,-85.600378,1466387010775,30000
C-FKCR,44.216898,-85.600378,1466387012822,30000
C-FKCR,44.217317,-85.616723,1466387022025,30000
C-FKCR,44.218714,-85.625901,1466387024525,30000
C-FKCR,44.219505,-85.640169,1466387028509,30000
C-FKCR,44.220017,-85.654103,1466387029681,30000
C-FKCR,44.220297,-85.662209,1466387033728,30000
C-FKCR,44.22011,-85.665291,1466387034760,30000
C-FKCR,44.221088,-85.673798,1466387035869,30000
C-FKCR,44.222391,-85.690412,1466387043353,30000
C-FKCR,44.223602,-85.698987,1466387046494,30000
C-FKCR,44.224719,-85.704614,1466387049010,30000
C-FKCR,44.224719,-85.704614,1466387050400,30000
C-FKCR,44.226302,-85.731879,1466387059072,30000
C-FKCR,44.226302,-85.731879,1466387060760,30000
C-FKCR,44.226488,-85.737573,1466387061978,30000
C-FKCR,44.226814,-85.74608,1466387063322,30000
C-FKCR,44.227978,-85.765306,1466387071213,30000
C-FKCR,44.22821,-85.765507,1466387072947,30000
C-FKCR,44.229002,-85.771068,1466387074150,30000
C-FKCR,44.229886,-85.779307,1466387077338,30000
C-FKCR,44.23119,-85.795385,1466387081260,30000
C-FKCR,44.231888,-85.803692,1466387084166,30000
C-FKCR,44.231888,-85.803692,1466387085963,30000
C-FKCR,44.235007,-85.835177,1466387096682,30000
C-FKCR,44.236217,-85.846833,1466387099307,30000
C-FKCR,44.237707,-85.869208,1466387105291,30000
C-FKCR,44.238219,-85.871887,1466387111541,30000
C-FKCR,44.240221,-85.889706,1466387113729,30000
C-FKCR,44.241385,-85.895803,1466387115854,30000
C-FKCR,44.242595,-85.9021,1466387117197,30000
C-FKCR,44.2432,-85.907727,1466387119650,30000
C-FKCR,44.243899,-85.921192,1466387129197,30000
C-FKCR,44.243899,-85.921192,1466387129197,30000
C-FKCR,44.245621,-85.940686,1466387132541,30000
C-FKCR,44.246878,-85.951806,1466387136432,30000
C-FKCR,44.247483,-85.960113,1466387137807,30000
C-FKCR,44.248507,-85.973913,1466387144854,30000
C-FKCR,44.249019,-85.979205,1466387150322,30000
C-FKCR,44.250416,-85.993005,1466387153182,30000
C-FKCR,44.251719,-86.004326,1466387154697,30000
C-FKCR,44.252092,-86.01002,1466387161369,30000
C-FKCR,44.253302,-86.023686,1466387164744,30000
C-FKCR,44.253302,-86.023686,1466387165916,30000
C-FKCR,44.254093,-86.042376,1466387169619,30000
C-FKCR,44.255211,-86.05631,1466387175104,30000
C-FKCR,44.255211,-86.061803,1466387176213,30000
C-FKCR,44.255583,-86.068167,1466387182104,30000
C-FKCR,44.256887,-86.085384,1466387185713,30000
C-FKCR,44.257212,-86.09081,1466387187119,30000
C-FKCR,44.259307,-86.122295,1466387197901,30000
C-FKCR,44.25968,-86.130468,1466387202494,30000
C-FKCR,44.260378,-86.141789,1466387203604,30000
C-FKCR,44.261123,-86.152708,1466387210338,30000
C-FKCR,44.263218,-86.186069,1466387219057,30000
C-FKCR,44.2621,-86.189017,1466387223635,30000
C-FKCR,44.263823,-86.217019,1466387230619,30000
C-FKCR,44.263823,-86.21943,1466387233291,30000
C-FKCR,44.264102,-86.227201,1466387235760,30000
C-FKCR,44.264102,-86.23189,1466387237416,30000
C-FKCR,44.264707,-86.24013,1466387243651,30000
C-FKCR,44.264521,-86.254399,1466387247979,30000
C-FKCR,44.264521,-86.254399,1466387249213,30000
C-FKCR,44.264521,-86.254399,1466387249213,30000
C-FKCR,44.268199,-86.285817,1466387253401,30000
C-FKCR,44.268199,-86.285817,1466387254510,30000
C-FKCR,44.268618,-86.295933,1466387265714,30000
C-FKCR,44.26899,-86.30377,1466387266948,30000
C-FKCR,44.270806,-86.331772,1466387271182,30000
C-FKCR,44.270806,-86.331772,1466387273151,30000
C-FKCR,44.270713,-86.331973,1466387276682,30000
C-FKCR,44.272482,-86.353276,1466387279589,30000
C-FKCR,44.273785,-86.36587,1466387284151,30000
C-FKCR,44.27439,-86.371028,1466387288901,30000
C-FKCR,44.27602,-86.375985,1466387290214,30000
C-FKCR,44.276904,-86.389718,1466387294339,30000
C-FKCR,44.275321,-86.395078,1466387299386,30000
C-FKCR,44.278394,-86.404992,1466387301808,30000
C-FKCR,44.27858,-86.426496,1466387306417,30000
C-FKCR,44.27858,-86.426496,1466387307651,30000
C-FKCR,44.279511,-86.439425,1466387309323,30000
C-FKCR,44.279511,-86.439425,1466387309323,30000
C-FKCR,44.279511,-86.439425,1466387310730,30000
C-FKCR,44.279697,-86.448468,1466387316120,30000
C-FKCR,44.280116,-86.453828,1466387317761,30000
C-FKCR,44.280489,-86.469302,1466387323527,30000
C-FKCR,44.280814,-86.479083,1466387326339,30000
C-FKCR,44.280908,-86.476872,1466387328917,30000
C-FKCR,44.280814,-86.479083,1466387330120,30000
C-FKCR,44.280489,-86.485916,1466387333433,30000
C-FKCR,44.281699,-86.506884,1466387336308,30000
C-FKCR,44.281792,-86.51231,1466387342683,30000
C-FKCR,44.281606,-86.5172,1466387344777,30000
C-FKCR,44.281699,-86.524502,1466387346324,30000
C-FKCR,44.282397,-86.537498,1466387349152,30000
C-FKCR,44.28249,-86.542723,1466387350355,30000
C-FKCR,44.282909,-86.553374,1466387354730,30000
C-FKCR,44.282909,-86.553374,1466387356277,30000
C-FKCR,44.283794,-86.567308,1466387361246,30000
C-FKCR,44.28412,-86.578228,1466387364917,30000
C-FKCR,44.284678,-86.586467,1466387369730,30000
C-FKCR,44.284678,-86.586467,1466387369730,30000
C-FKCR,44.284678,-86.599731,1466387375246,30000
C-FKCR,44.284678,-86.6071,1466387380527,30000
C-FKCR,44.28519,-86.62579,1466387382824,30000
C-FKCR,44.285423,-86.63671,1466387387652,30000
C-FKCR,44.286308,-86.65607,1466387395449,30000
C-FKCR,44.286587,-86.669803,1466387399293,30000
C-FKCR,44.287378,-86.691708,1466387407855,30000
C-FKCR,44.28789,-86.705173,1466387413168,30000
C-FKCR,44.288821,-86.725404,1466387415058,30000
C-FKCR,44.288821,-86.725404,1466387416558,30000
C-FKCR,44.285796,-86.746506,1466387425777,30000
C-FKCR,44.28668,-86.754813,1466387427074,30000
C-FKCR,44.285796,-86.746506,1466387425777,30000
C-FKCR,44.28668,-86.754813,1466387427074,30000
C-FKCR,44.287285,-86.788174,1466387437964,30000
C-FKCR,44.288496,-86.792394,1466387439699,30000
C-FKCR,44.288496,-86.792394,1466387440777,30000
C-FKCR,44.29208,-86.80251,1466387446371,30000
C-FKCR,44.294222,-86.813027,1466387448402,30000
C-FKCR,44.296596,-86.821803,1466387451339,30000
C-FKCR,44.296596,-86.826224,1466387452683,30000
C-FKCR,44.29762,-86.838818,1466387457715,30000
C-FKCR,44.298597,-86.849201,1466387460527,30000
C-FKCR,44.299901,-86.865279,1466387468402,30000
C-FKCR,44.300878,-86.881223,1466387475121,30000
C-FKCR,44.300878,-86.881223,1466387476730,30000
C-FKCR,44.301204,-86.886515,1466387479574,30000
C-FKCR,44.303811,-86.908487,1466387482730,30000
C-FKCR,44.305022,-86.925168,1466387492996,30000
C-FKCR,44.306279,-86.950222,1466387498965,30000
C-FKCR,44.306279,-86.950222,1466387501230,30000
C-FKCR,44.306977,-86.966501,1466387510340,30000
C-FKCR,44.306604,-86.97943,1466387513981,30000
C-FKCR,44.306604,-86.97943,1466387515121,30000
C-FKCR,44.307489,-86.997383,1466387516731,30000
C-FKCR,44.307489,-86.997383,1466387517824,30000
C-FKCR,44.30842,-87.009977,1466387526184,30000
C-FKCR,44.308979,-87.023777,1466387530653,30000
C-FKCR,44.309211,-87.046821,1466387537418,30000
C-FKCR,44.310003,-87.062832,1466387543168,30000
C-FKCR,44.30842,-87.067521,1466387546590,30000
C-FKCR,44.309584,-87.080785,1466387549512,30000
C-FKCR,44.309584,-87.080785,1466387549512,30000
C-FKCR,44.310189,-87.100614,1466387559699,30000
C-FKCR,44.314099,-87.13699,1466387568356,30000
C-FKCR,44.31531,-87.149383,1466387576262,30000
C-FKCR,44.315682,-87.155211,1466387580293,30000
C-FKCR,44.316287,-87.171087,1466387588543,30000
C-FKCR,44.317591,-87.204783,1466387592903,30000
C-FKCR,44.318522,-87.218918,1466387599497,30000
C-FKCR,44.319592,-87.230306,1466387600965,30000
C-FKCR,44.319592,-87.230306,1466387602481,30000
C-FKCR,44.320105,-87.236001,1466387606746,30000
C-FKCR,44.320105,-87.249198,1466387609278,30000
C-FKCR,44.320105,-87.236001,1466387606746,30000
C-FKCR,44.320105,-87.249198,1466387609278,30000
C-FKCR,44.322106,-87.250872,1466387610418,30000
C-FKCR,44.322293,-87.256098,1466387613481,30000
C-FKCR,44.322106,-87.256031,1466387616340,30000
C-FKCR,44.322013,-87.258576,1466387619575,30000
C-FKCR,44.322386,-87.271773,1466387621262,30000
C-FKCR,44.322199,-87.271572,1466387622325,30000
C-FKCR,44.323177,-87.289927,1466387625450,30000
C-FKCR,44.323317,-87.292406,1466387626856,30000
C-FKCR,44.324015,-87.30567,1466387631715,30000
C-FKCR,44.324108,-87.311029,1466387634809,30000
C-FKCR,44.324993,-87.32148,1466387637106,30000
C-FKCR,44.326017,-87.329719,1466387642309,30000
C-FKCR,44.328391,-87.345194,1466387652747,30000
C-FKCR,44.330393,-87.35062,1466387655981,30000
C-FKCR,44.331882,-87.35551,1466387659481,30000
C-FKCR,44.33272,-87.362611,1466387660559,30000
C-FKCR,44.333884,-87.376679,1466387664997,30000
C-FKCR,44.334815,-87.382105,1466387667465,30000
C-FKCR,44.324993,-87.32148,1466387637106,30000
C-FKCR,44.326017,-87.329719,1466387642309,30000
C-FKCR,44.328391,-87.345194,1466387652747,30000
C-FKCR,44.330393,-87.35062,1466387655981,30000
C-FKCR,44.331882,-87.35551,1466387659481,30000
C-FKCR,44.33272,-87.362611,1466387660559,30000
C-FKCR,44.333884,-87.376679,1466387664997,30000
C-FKCR,44.334815,-87.382105,1466387667465,30000
C-FKCR,44.335513,-87.389005,1466387670309,30000
C-FKCR,44.336398,-87.403676,1466387675044,30000
C-FKCR,44.337981,-87.422902,1466387683356,30000
C-FKCR,44.339377,-87.437305,1466387691591,30000
C-FKCR,44.339796,-87.446684,1466387697075,30000
C-FKCR,44.324993,-87.32148,1466387637106,30000
C-FKCR,44.326017,-87.329719,1466387642309,30000
C-FKCR,44.328391,-87.345194,1466387652747,30000
C-FKCR,44.330393,-87.35062,1466387655981,30000
C-FKCR,44.331882,-87.35551,1466387659481,30000
C-FKCR,44.33272,-87.362611,1466387660559,30000
C-FKCR,44.333884,-87.376679,1466387664997,30000
C-FKCR,44.334815,-87.382105,1466387667465,30000
C-FKCR,44.335513,-87.389005,1466387670309,30000
C-FKCR,44.336398,-87.403676,1466387675044,30000
C-FKCR,44.337981,-87.422902,1466387683356,30000
C-FKCR,44.339377,-87.437305,1466387691591,30000
C-FKCR,44.339796,-87.446684,1466387697075,30000
C-FKCR,44.347412,-87.847399,1466387833701,31500
C-FKCR,44.347617,-87.858068,1466387837717,31500
C-FKCR,44.348688,-87.871399,1466387840670,31500
C-FKCR,44.348781,-87.877026,1466387847295,32000
C-FKCR,44.348781,-87.877026,1466387847295,32000
C-FKCR,44.349107,-87.888079,1466387851576,32000
C-FKCR,44.349805,-87.901008,1466387855342,32000
C-FKCR,44.349712,-87.901075,1466387858685,5500
C-FKCR,44.349805,-87.909382,1466387864763,5500
C-FKCR,44.350317,-87.925326,1466387868373,32000
C-FKCR,44.350596,-87.932896,1466387869513,32000
C-FKCR,44.353203,-87.94281,1466387871435,32000
C-FKCR,44.353995,-87.958084,1466387875904,32000
C-FKCR,44.354879,-87.959825,1466387877404,32000
C-FKCR,44.355577,-87.969807,1466387884123,32000
C-FKCR,44.356788,-87.980123,1466387888201,32000
C-FKCR,44.357579,-87.988095,1466387889342,32000
C-FKCR,44.358277,-87.99801,1466387890717,32000
C-FKCR,44.359395,-87.997675,1466387892670,32000
C-FKCR,44.360279,-88.010604,1466387900842,32000
C-FKCR,44.360605,-88.015695,1466387903123,32000
C-FKCR,44.360605,-88.015427,1466387904685,32000
C-FKCR,44.36121,-88.027217,1466387905935,32000
C-FKCR,44.36121,-88.031973,1466387907154,32000
C-FKCR,44.36121,-88.027217,1466387905935,32000
C-FKCR,44.36121,-88.031973,1466387907154,32000
C-FKCR,44.361722,-88.044702,1466387910373,32000
C-FKCR,44.36149,-88.042692,1466387911889,32000
C-FKCR,44.361815,-88.04718,1466387912951,32000
C-FKCR,44.362514,-88.059573,1466387922514,32000
C-FKCR,44.362979,-88.073373,1466387924420,32000
C-FKCR,44.364283,-88.091326,1466387929983,32000
C-FKCR,44.365121,-88.101308,1466387939092,32000
C-FKCR,44.365121,-88.106131,1466387940358,32000
C-FKCR,44.365121,-88.115711,1466387942108,32000
C-FKCR,44.366005,-88.131721,1466387945826,32000
C-FKCR,44.367096,-88.152793,1466387954155,32000
C-FKCR,44.368007,-88.163407,1466387955342,32000
C-FKCR,44.368007,-88.163608,1466387956936,32000
C-FKCR,44.367914,-88.168633,1466387960077,32000
C-FKCR,44.367914,-88.168633,1466387961248,32000
C-FKCR,44.367914,-88.175801,1466387963045,32000
C-FKCR,44.36931,-88.191476,1466387966889,32000
C-FKCR,44.367096,-88.152793,1466387954155,32000
C-FKCR,44.368007,-88.163407,1466387955342,32000
C-FKCR,44.368007,-88.163608,1466387956936,32000
C-FKCR,44.367914,-88.168633,1466387960077,32000
C-FKCR,44.367914,-88.168633,1466387961248,32000
C-FKCR,44.367914,-88.175801,1466387963045,32000
C-FKCR,44.36931,-88.191476,1466387966889,32000
C-FKCR,44.370102,-88.204271,1466387974702,32000
C-FKCR,44.369822,-88.204673,1466387977358,32000
C-FKCR,44.370288,-88.218071,1466387978436,32000
C-FKCR,44.370521,-88.220483,1466387980123,32000
C-FKCR,44.370614,-88.225909,1466387983420,32000
C-FKCR,44.3708,-88.239575,1466387987952,32000
C-FKCR,44.37201,-88.259806,1466387992436,32000
C-FKCR,44.371811,-88.266187,1466387995233,32000
C-FKCR,44.371811,-88.266187,1466387996373,32500
C-FKCR,44.372197,-88.271596,1466387997842,32500
C-FKCR,44.372522,-88.280171,1466387998952,32500
C-FKCR,44.373505,-88.307582,1466388009733,32000
C-FKCR,44.367096,-88.152793,1466387954155,32000
C-FKCR,44.368007,-88.163407,1466387955342,32000
C-FKCR,44.368007,-88.163608,1466387956936,32000
C-FKCR,44.367914,-88.168633,1466387960077,32000
C-FKCR,44.367914,-88.168633,1466387961248,32000
C-FKCR,44.367914,-88.175801,1466387963045,32000
C-FKCR,44.36931,-88.191476,1466387966889,32000
C-FKCR,44.370102,-88.204271,1466387974702,32000
C-FKCR,44.369822,-88.204673,1466387977358,32000
C-FKCR,44.370288,-88.218071,1466387978436,32000
C-FKCR,44.370521,-88.220483,1466387980123,32000
C-FKCR,44.370614,-88.225909,1466387983420,32000
C-FKCR,44.3708,-88.239575,1466387987952,32000
C-FKCR,44.37201,-88.259806,1466387992436,32000
C-FKCR,44.371811,-88.266187,1466387995233,32000
C-FKCR,44.371811,-88.266187,1466387996373,32500
C-FKCR,44.372197,-88.271596,1466387997842,32500
C-FKCR,44.372522,-88.280171,1466387998952,32500
C-FKCR,44.373505,-88.307582,1466388009733,32000
C-FKCR,44.367096,-88.152793,1466387954155,32000
C-FKCR,44.368007,-88.163407,1466387955342,32000
C-FKCR,44.368007,-88.163608,1466387956936,32000
C-FKCR,44.367914,-88.168633,1466387960077,32000
C-FKCR,44.367914,-88.168633,1466387961248,32000
C-FKCR,44.367914,-88.175801,1466387963045,32000
C-FKCR,44.36931,-88.191476,1466387966889,32000
C-FKCR,44.370102,-88.204271,1466387974702,32000
C-FKCR,44.369822,-88.204673,1466387977358,32000
C-FKCR,44.370288,-88.218071,1466387978436,32000
C-FKCR,44.370521,-88.220483,1466387980123,32000
C-FKCR,44.370614,-88.225909,1466387983420,32000
C-FKCR,44.3708,-88.239575,1466387987952,32000
C-FKCR,44.37201,-88.259806,1466387992436,32000
C-FKCR,44.371811,-88.266187,1466387995233,32000
C-FKCR,44.371811,-88.266187,1466387996373,32500
C-FKCR,44.372197,-88.271596,1466387997842,32500
C-FKCR,44.372522,-88.280171,1466387998952,32500
C-FKCR,44.373505,-88.307582,1466388009733,32000
C-FKCR,44.367096,-88.152793,1466387954155,32000
C-FKCR,44.368007,-88.163407,1466387955342,32000
C-FKCR,44.368007,-88.163608,1466387956936,32000
C-FKCR,44.367914,-88.168633,1466387960077,32000
C-FKCR,44.367914,-88.168633,1466387961248,32000
C-FKCR,44.367914,-88.175801,1466387963045,32000
C-FKCR,44.36931,-88.191476,1466387966889,32000
C-FKCR,44.370102,-88.204271,1466387974702,32000
C-FKCR,44.369822,-88.204673,1466387977358,32000
C-FKCR,44.370288,-88.218071,1466387978436,32000
C-FKCR,44.370521,-88.220483,1466387980123,32000
C-FKCR,44.370614,-88.225909,1466387983420,32000
C-FKCR,44.3708,-88.239575,1466387987952,32000
C-FKCR,44.37201,-88.259806,1466387992436,32000
C-FKCR,44.371811,-88.266187,1466387995233,32000
C-FKCR,44.371811,-88.266187,1466387996373,32500
C-FKCR,44.372197,-88.271596,1466387997842,32500
C-FKCR,44.372522,-88.280171,1466387998952,32500
C-FKCR,44.373505,-88.307582,1466388009733,32000
C-FKCR,44.303811,-86.908487,1466388297609,32000
C-FKCR,44.303811,-86.908487,1466388297609,32000
C-FKCR,44.303811,-86.908487,1466388297609,32000
C-FKCR,44.303811,-86.908487,1466388297609,32000
C-FKCR,44.303811,-86.908487,1466388297609,32000
C-FKCR,44.303811,-86.908487,1466388297609,32000
C-FKCR,44.303811,-86.908487,1466388297609,32000
C-FKCR,43.693418,-79.946725,1466388742924,32000
C-FKCR,43.693418,-79.946725,1466388742924,32000
C-FKCR,43.693418,-79.946725,1466388742924,32000
C-FKCR,43.693418,-79.946725,1466388742924,32000
C-FKCR,43.693418,-79.946725,1466388742924,32000
C-FKCR,43.693418,-79.946725,1466389037456,32000
C-FKCR,43.693418,-79.946725,1466389038706,30000
C-FKCR,43.693418,-79.946725,1466389037456,32000
C-FKCR,43.693418,-79.946725,1466389038706,30000
C-FKCR,44.373505,-88.307582,1466389119863,32000
C-FKCR,44.469398,-91.353395,1466389180191,32000
C-FKCR,44.469681,-91.364332,1466389182488,32000
C-FKCR,44.469118,-91.37798,1466389186848,32000
C-FKCR,44.467582,-91.389771,1466389191348,32000
C-FKCR,44.466604,-91.395331,1466389195754,32000
C-FKCR,44.465394,-91.406116,1466389198738,32000
C-FKCR,44.463811,-91.425074,1466389204613,32000
C-FKCR,44.461111,-91.441688,1466389211098,32000
C-FKCR,44.459389,-91.458167,1466389218504,32000
C-FKCR,44.457321,-91.474915,1466389224754,32000
C-FKCR,44.453803,-91.489384,1466389228879,32000
C-FKCR,44.457321,-91.474915,1466389224754,32000
C-FKCR,44.453803,-91.489384,1466389228879,32000
C-FKCR,44.451708,-91.49548,1466389230598,32000
C-FKCR,44.445004,-91.495078,1466389235145,32000
C-FKCR,44.443189,-91.500505,1466389237457,32000
C-FKCR,44.441792,-91.503385,1466389240692,32000
C-FKCR,44.439511,-91.518592,1466389248910,32000
C-FKCR,44.436206,-91.527033,1466389250129,32000
C-FKCR,44.432994,-91.54023,1466389254957,32000
C-FKCR,44.431085,-91.550613,1466389256036,32000
C-FKCR,44.430014,-91.555771,1466389259207,32000
C-FKCR,44.42792,-91.568633,1466389262442,32000
C-FKCR,44.426802,-91.573925,1466389267692,32000
C-FKCR,44.424707,-91.582031,1466389270567,32000
C-FKCR,44.417492,-91.611775,1466389283364,32000
C-FKCR,44.416188,-91.621488,1466389285161,32000
C-FKCR,44.405295,-91.636226,1466389296504,32000
C-FKCR,44.406087,-91.642724,1466389300567,32000
C-FKCR,44.397707,-91.670592,1466389312208,32000
C-FKCR,44.400407,-91.690823,1466389319723,32000
C-FKCR,44.395799,-91.703484,1466389325270,32000
C-FKCR,44.395799,-91.703484,1466389326911,32000
C-FKCR,44.388397,-91.734098,1466389338333,32000
C-FKCR,44.382904,-91.742874,1466389341567,32000
C-FKCR,44.380902,-91.748501,1466389343301,32000
C-FKCR,44.379785,-91.751381,1466389344567,32000
C-FKCR,44.375083,-91.767526,1466389346161,32000
C-FKCR,44.372988,-91.775431,1466389349880,32000
C-FKCR,44.379785,-91.751381,1466389344567,32000
C-FKCR,44.375083,-91.767526,1466389346161,32000
C-FKCR,44.372988,-91.775431,1466389349880,32000
C-FKCR,44.37201,-91.780991,1466389356051,32000
C-FKCR,44.369078,-91.793116,1466389358036,32000
C-FKCR,44.367309,-91.800619,1466389362223,32000
C-FKCR,44.362793,-91.817902,1466389366411,32000
C-FKCR,44.362002,-91.828822,1466389371067,32000
C-FKCR,44.358184,-91.841081,1466389379536,32000
C-FKCR,44.357998,-91.840277,1466389380677,32000
C-FKCR,44.355112,-91.849723,1466389382333,32000
C-FKCR,44.352505,-91.858297,1466389390598,32000
C-FKCR,44.349386,-91.870623,1466389392817,32000
C-FKCR,44.411719,-91.986583,1466389401708,32000
C-FKCR,44.411812,-92.000919,1466389404833,32000
C-FKCR,44.411812,-92.000919,1466389404833,32000
C-FKCR,44.411906,-92.021283,1466389412677,32000
C-FKCR,44.411906,-92.034212,1466389413833,32000
C-FKCR,44.411999,-92.039103,1466389418146,32000
C-FKCR,44.412511,-92.047677,1466389419474,32000
C-FKCR,44.412883,-92.063018,1466389425052,32000
C-FKCR,44.411812,-92.061879,1466389427052,32000
C-FKCR,44.411812,-92.061879,1466389428724,32000
C-FKCR,44.412511,-92.08479,1466389432380,32000
C-FKCR,44.401105,-92.086732,1466389440443,32000
C-FKCR,44.399709,-92.088876,1466389442771,32000
C-FKCR,44.398312,-92.102676,1466389447115,32000
C-FKCR,44.387186,-92.104016,1466389453661,32000
C-FKCR,44.383602,-92.106628,1466389456568,32000
C-FKCR,44.382112,-92.119624,1466389458896,32000
C-FKCR,44.381879,-92.119223,1466389465552,32000
C-FKCR,44.337888,-92.099795,1466389471286,32000
C-FKCR,44.332813,-92.114533,1466389476005,32000
C-FKCR,44.329415,-92.123979,1466389481599,32000
C-FKCR,44.328717,-92.126323,1466389485599,32000
C-FKCR,44.325412,-92.136908,1466389491115,32000
C-FKCR,44.319406,-92.135367,1466389493365,32000
C-FKCR,44.309118,-92.138583,1466389498693,32000
C-FKCR,44.308094,-92.140592,1466389500458,32000
C-FKCR,44.304603,-92.148296,1466389501708,32000
C-FKCR,44.297387,-92.163905,1466389508958,32000
C-FKCR,44.295804,-92.16913,1466389510380,32000
C-FKCR,44.291708,-92.179379,1466389515302,32000
C-FKCR,44.291382,-92.179379,1466389516302,32000
C-FKCR,44.28938,-92.183399,1466389518599,32000
C-FKCR,44.28682,-92.189629,1466389524427,32000
C-FKCR,44.282211,-92.200079,1466389528380,32000
C-FKCR,44.282211,-92.200079,1466389528380,32000
C-FKCR,44.276113,-92.212807,1466389531755,32000
C-FKCR,44.273413,-92.219104,1466389537333,32000
C-FKCR,44.281001,-92.235584,1466389539818,32000
C-FKCR,44.278906,-92.242082,1466389544459,32000
C-FKCR,44.277416,-92.246704,1466389545880,32000
C-FKCR,44.273785,-92.257824,1466389548677,32000
C-FKCR,44.271504,-92.265528,1466389551505,32000
C-FKCR,44.269223,-92.272294,1466389555849,32000
C-FKCR,44.265499,-92.283883,1466389562662,32000
C-FKCR,44.262519,-92.293195,1466389564115,32000
C-FKCR,44.261216,-92.297683,1466389566740,32000
C-FKCR,44.260518,-92.299894,1466389568568,32000
C-FKCR,44.256887,-92.311818,1466389574459,32000
C-FKCR,44.25279,-92.325618,1466389579177,32000
C-FKCR,44.25158,-92.330106,1466389581646,32000
C-FKCR,44.251114,-92.332786,1466389584005,32000
C-FKCR,44.249112,-92.33982,1466389586255,32000
C-FKCR,44.247018,-92.346586,1466389587927,32000
C-FKCR,44.249112,-92.33982,1466389586255,32000
C-FKCR,44.247018,-92.346586,1466389587927,32000
C-FKCR,44.244507,-92.35611,1466389593162,32000
C-FKCR,44.244504,-92.356098,1466389594380,32000
C-FKCR,44.24078,-92.367621,1466389598349,32000
C-FKCR,44.240919,-92.367889,1466389599459,32000
C-FKCR,44.244597,-92.387182,1466389603599,32000
C-FKCR,44.244504,-92.389727,1466389604693,32000
C-FKCR,44.241199,-92.401919,1466389607849,32000
C-FKCR,44.239895,-92.407011,1466389611927,32000
C-FKCR,44.235705,-92.421815,1466389618396,32000
C-FKCR,44.236823,-92.431596,1466389619693,32000
C-FKCR,44.235705,-92.436419,1466389621240,32000
C-FKCR,44.2324,-92.455176,1466389625990,32000
C-FKCR,44.231981,-92.459933,1466389628927,32000
C-FKCR,44.230212,-92.467369,1466389634724,32000
C-FKCR,44.227512,-92.479628,1466389638412,32000
C-FKCR,44.229281,-92.488872,1466389640209,32000
C-FKCR,44.225697,-92.506223,1466389647162,32000
C-FKCR,44.224905,-92.508768,1466389650537,32000
C-FKCR,44.222112,-92.521429,1466389653037,32000
C-FKCR,44.221507,-92.521831,1466389654100,32000
C-FKCR,44.2189,-92.534291,1466389656803,32000
C-FKCR,44.219319,-92.539985,1466389660256,32000
C-FKCR,44.218295,-92.553383,1466389666256,32000
C-FKCR,44.216107,-92.565777,1466389670272,32000
C-FKCR,44.215409,-92.570533,1466389673803,32000
C-FKCR,44.214617,-92.577567,1466389675178,32000
C-FKCR,44.212522,-92.592505,1466389680256,32000
C-FKCR,44.211778,-92.604296,1466389688178,32000
C-FKCR,44.211778,-92.604296,1466389689272,32000
C-FKCR,44.211219,-92.616086,1466389690787,32000
C-FKCR,44.211498,-92.626268,1466389694834,32000
C-FKCR,44.214198,-92.638126,1466389698834,32000
C-FKCR,44.208519,-92.6536,1466389706069,32000
C-FKCR,44.207308,-92.66117,1466389709006,32000
C-FKCR,44.208519,-92.6536,1466389706069,32000
C-FKCR,44.207308,-92.66117,1466389709006,32000
C-FKCR,44.20931,-92.671285,1466389714256,32000
C-FKCR,44.208193,-92.684415,1466389717928,32000
C-FKCR,44.206983,-92.697077,1466389721178,32000
C-FKCR,44.206517,-92.700493,1466389722428,32000
C-FKCR,44.204888,-92.713087,1466389729209,32000
C-FKCR,44.2054,-92.717508,1466389731834,32000
C-FKCR,44.204981,-92.721394,1466389733303,32000
C-FKCR,44.203584,-92.73372,1466389738162,32000
C-FKCR,44.202979,-92.739012,1466389739944,32000
C-FKCR,44.202095,-92.747587,1466389741397,32000
C-FKCR,44.201583,-92.750132,1466389743928,32000
C-FKCR,44.200093,-92.762794,1466389751178,32000
C-FKCR,44.198091,-92.780412,1466389755006,32000
C-FKCR,44.196601,-92.793073,1466389765538,32000
C-FKCR,44.193995,-92.81747,1466389773209,32000
C-FKCR,44.19342,-92.822975,1466389774959,32000
C-FKCR,44.193482,-92.829699,1466389776741,32000
C-FKCR,44.192505,-92.839312,1466389779709,32000
C-FKCR,44.190922,-92.854418,1466389788991,32000
C-FKCR,44.189712,-92.864423,1466389790241,32000
C-FKCR,44.18892,-92.867497,1466389791819,32000
C-FKCR,44.188222,-92.872075,1466389794084,32000
C-FKCR,44.18622,-92.888096,1466389798022,32000
C-FKCR,44.184917,-92.897121,1466389803631,32000
C-FKCR,44.184405,-92.899671,1466389804788,32000
C-FKCR,44.1838,-92.904968,1466389806272,32000
C-FKCR,44.181519,-92.914189,1466389808819,32000
C-FKCR,44.181612,-92.914124,1466389811788,32000
C-FKCR,44.18082,-92.921579,1466389814397,32000
C-FKCR,44.178679,-92.9342,1466389817600,32000
C-FKCR,44.177608,-92.941589,1466389824631,32000
C-FKCR,44.175513,-92.954995,1466389826272,32000
C-FKCR,44.174489,-92.95833,1466389827553,32000
C-FKCR,44.175513,-92.954995,1466389826272,32000
C-FKCR,44.174489,-92.95833,1466389827553,32000
C-FKCR,44.173186,-92.966309,1466389830585,32000
C-FKCR,44.146279,-92.968401,1466389835069,32000
C-FKCR,44.140878,-92.978603,1466389836741,32000
C-FKCR,44.142508,-92.982396,1466389838397,32000
C-FKCR,44.141391,-92.986516,1466389840038,32000
C-FKCR,44.136782,-92.999725,1466389846116,32000
C-FKCR,44.136782,-92.999725,1466389848491,32000
C-FKCR,44.136223,-93.005676,1466389849538,32000
C-FKCR,44.135013,-93.024902,1466389854897,32000
C-FKCR,44.13222,-93.037785,1466389860100,32000
C-FKCR,44.129613,-93.050929,1466389864694,32000
C-FKCR,44.131987,-93.05518,1466389869631,32000
C-FKCR,44.130497,-93.066493,1466389872241,32000
C-FKCR,44.132685,-93.067801,1466389873491,32000
C-FKCR,44.13222,-93.072968,1466389875178,32000
C-FKCR,44.130078,-93.087616,1466389880538,32000
C-FKCR,44.129613,-93.092782,1466389883335,32000
C-FKCR,44.128821,-93.100695,1466389886147,32000
C-FKCR,44.128821,-93.103768,1466389891225,32000
C-FKCR,44.12789,-93.11142,1466389892866,32000
C-FKCR,44.127378,-93.116913,1466389893991,32000
C-FKCR,44.126121,-93.129926,1466389897507,32000
C-FKCR,44.126401,-93.130973,1466389898663,32000
C-FKCR,44.125283,-93.141894,1466389905054,32000
C-FKCR,44.123095,-93.159616,1466389907819,32000
C-FKCR,44.122816,-93.162297,1466389911616,32000
C-FKCR,44.121001,-93.174722,1466389915444,32000
C-FKCR,44.119511,-93.177272,1466389917038,32000
C-FKCR,44.118114,-93.189893,1466389922116,32000
C-FKCR,44.117602,-93.195125,1466389923319,32000
C-FKCR,44.116904,-93.198002,1466389924460,32000
C-FKCR,44.114483,-93.21252,1466389929929,32000
C-FKCR,44.11318,-93.222591,1466389934054,32000
C-FKCR,44.112901,-93.222722,1466389935273,32000
C-FKCR,44.111318,-93.235604,1466389943038,32000
C-FKCR,44.110992,-93.241425,1466389944476,32000
C-FKCR,44.110713,-93.250776,1466389947288,32000
C-FKCR,44.109502,-93.261305,1466389948695,32000
C-FKCR,44.109502,-93.261305,1466389948695,32000
C-FKCR,44.092697,-93.275888,1466389953398,32000
C-FKCR,44.089112,-93.287593,1466389955679,32000
C-FKCR,44.088088,-93.293217,1466389959710,32000
C-FKCR,44.084597,-93.297206,1466389961460,32000
C-FKCR,44.081105,-93.30852,1466389964804,32000
C-FKCR,44.080919,-93.311986,1466389968757,32000
C-FKCR,44.077009,-93.327811,1466389973367,32000
C-FKCR,44.076916,-93.327484,1466389975882,32000
C-FKCR,44.073797,-93.341021,1466389977101,32000
C-FKCR,44.071609,-93.352203,1466389981132,32000
C-FKCR,44.068304,-93.365282,1466389985836,32000
C-FKCR,44.067978,-93.368421,1466389988054,32000
C-FKCR,44.066022,-93.376007,1466389990804,32000
C-FKCR,44.062298,-93.392421,1466389996773,32000
C-FKCR,44.060483,-93.400596,1466390001476,32000
C-FKCR,44.057596,-93.407593,1466390002711,32000
C-FKCR,44.056014,-93.416879,1466390004179,32000
C-FKCR,44.052895,-93.430416,1466390009273,32000
C-FKCR,44.052895,-93.430416,1466390009273,32000
C-FKCR,44.050381,-93.439309,1466390014742,32000
C-FKCR,44.050381,-93.439309,1466390015836,32000
C-FKCR,44.045307,-93.466513,1466390023273,32000
C-FKCR,44.045586,-93.466513,1466390025648,32000
C-FKCR,44.044189,-93.477827,1466390028961,32000
C-FKCR,44.043491,-93.479004,1466390030258,32000
C-FKCR,44.043119,-93.483385,1466390031336,32000
C-FKCR,44.041583,-93.492083,1466390034008,32000
C-FKCR,44.04,-93.499015,1466390037898,32000
C-FKCR,44.051312,-93.502481,1466390045242,32000
C-FKCR,44.046191,-93.505096,1466390046305,32000
C-FKCR,44.044515,-93.515429,1466390047758,32000
C-FKCR,44.044608,-93.516998,1466390049039,32000
C-FKCR,44.042886,-93.527919,1466390050258,32000
C-FKCR,44.042886,-93.527919,1466390052367,32000
C-FKCR,44.04242,-93.534132,1466390055023,32000
C-FKCR,44.04,-93.546688,1466390059195,32000
C-FKCR,44.037186,-93.56468,1466390065086,32000
C-FKCR,44.035391,-93.575003,1466390069867,32000
C-FKCR,44.035391,-93.575003,1466390069867,32000
C-FKCR,44.034714,-93.578222,1466390072273,32000
C-FKCR,44.041122,-93.592721,1466390077414,32000
C-FKCR,44.041117,-93.592725,1466390079023,32000
C-FKCR,44.040791,-93.594884,1466390081055,32000
C-FKCR,44.039022,-93.607374,1466390084836,32000
C-FKCR,44.03851,-93.609728,1466390085992,32000
C-FKCR,44.03581,-93.626927,1466390091633,32000
C-FKCR,44.035577,-93.626927,1466390092930,32000
C-FKCR,44.035484,-93.628431,1466390094789,32000
C-FKCR,44.033995,-93.638175,1466390095883,32000
C-FKCR,44.033017,-93.643276,1466390097508,32000
C-FKCR,44.031481,-93.652627,1466390103633,32000
C-FKCR,44.029293,-93.664594,1466390104805,32000
C-FKCR,44.029619,-93.664725,1466390109648,32000
C-FKCR,44.036322,-93.6746,1466390113367,32000
C-FKCR,44.047588,-93.690425,1466390118914,32000
C-FKCR,44.056991,-93.695788,1466390121961,32000
C-FKCR,44.044981,-93.711286,1466390126055,32000
C-FKCR,44.044515,-93.71279,1466390127164,32000
C-FKCR,44.044981,-93.711286,1466390126055,32000
C-FKCR,44.044515,-93.71279,1466390127164,32000
C-FKCR,44.043212,-93.726523,1466390134899,32000
C-FKCR,44.042281,-93.736398,1466390138430,32000
C-FKCR,44.041489,-93.743984,1466390140399,32000
C-FKCR,44.040698,-93.74261,1466390141758,32000
C-FKCR,44.039395,-93.754578,1466390145336,32000
C-FKCR,44.03851,-93.758828,1466390148071,32000
C-FKCR,44.037719,-93.773869,1466390152586,32000
C-FKCR,44.03581,-93.789106,1466390157789,32000
C-FKCR,44.035019,-93.7963,1466390164743,32000
C-FKCR,44.033017,-93.811798,1466390171899,32000
C-FKCR,44.031807,-93.82128,1466390173118,32000
C-FKCR,44.029293,-93.837302,1466390177352,32000
C-FKCR,44.028222,-93.841814,1466390181430,32000
C-FKCR,44.025988,-93.858621,1466390185368,32000
C-FKCR,44.025988,-93.858621,1466390185368,32000
C-FKCR,44.020308,-93.901781,1466390203915,32000
C-FKCR,44.019191,-93.905574,1466390205946,32000
C-FKCR,44.017981,-93.910021,1466390207133,32000
C-FKCR,44.015513,-93.924408,1466390215399,32000
C-FKCR,44.006808,-93.934413,1466390216805,32000
C-FKCR,44.004387,-93.944484,1466390219430,32000
C-FKCR,43.997404,-93.974697,1466390231462,32000
C-FKCR,43.994192,-93.98771,1466390240165,32000
C-FKCR,43.991213,-93.996669,1466390244133,32000
C-FKCR,43.97762,-94.047285,1466390263384,32000
C-FKCR,43.976223,-94.055001,1466390269040,32000
C-FKCR,43.968589,-94.074685,1466390279524,32000
C-FKCR,43.967983,-94.077105,1466390280727,32000
C-FKCR,43.965889,-94.086195,1466390284665,32000
C-FKCR,43.957509,-94.119611,1466390296712,32000
C-FKCR,43.952388,-94.14008,1466390307837,32000
C-FKCR,43.952388,-94.14008,1466390307837,32000
C-FKCR,43.947687,-94.223393,1466390333977,32000
C-FKCR,43.948292,-94.22869,1466390335477,32000
C-FKCR,43.947407,-94.245823,1466390341431,32000
C-FKCR,43.948013,-94.255502,1466390342712,32000
C-FKCR,43.949782,-94.26518,1466390349040,32000
C-FKCR,43.950014,-94.266881,1466390355290,32000
C-FKCR,43.948897,-94.279698,1466390357102,32000
C-FKCR,43.948199,-94.292515,1466390360962,32000
C-FKCR,43.929205,-94.409572,1466390412087,32000
C-FKCR,43.923107,-94.425725,1466390415509,32000
C-FKCR,43.92199,-94.429779,1466390416525,32000
C-FKCR,43.921198,-94.436776,1466390419541,32000
C-FKCR,43.921105,-94.450575,1466390427478,32000
C-FKCR,43.921105,-94.450575,1466390427478,32000
C-FKCR,43.916916,-94.464308,1466390433291,32000
C-FKCR,43.914681,-94.470978,1466390436431,32000
C-FKCR,43.912493,-94.485888,1466390439978,32000
C-FKCR,43.864684,-94.556318,1466390480619,32000
C-FKCR,43.921105,-94.450575,1466390427478,32000
C-FKCR,43.916916,-94.464308,1466390433291,32000
C-FKCR,43.914681,-94.470978,1466390436431,32000
C-FKCR,43.912493,-94.485888,1466390439978,32000
C-FKCR,43.864684,-94.556318,1466390480619,32000
C-FKCR,43.956997,-94.968501,1466390608635,32000
C-FKCR,43.956997,-94.968501,1466390608635,32000
C-FKCR,43.965702,-94.982496,1466390612823,32000
C-FKCR,43.96938,-94.99152,1466390614135,32000
C-FKCR,43.940192,-95.014801,1466390627479,32000
C-FKCR,43.941309,-95.039586,1466390634214,32000
C-FKCR,43.931812,-95.042725,1466390639292,32000
C-FKCR,43.928321,-95.044425,1466390642792,32000
C-FKCR,43.91929,-95.065809,1466390651886,32000
C-FKCR,43.91929,-95.065809,1466390651886,32000
C-FKCR,43.807099,-95.085624,1466390709995,32000
C-FKCR,43.807285,-95.228773,1466390748245,32000
C-FKCR,43.804585,-95.243617,1466390749433,32000
C-FKCR,43.803701,-95.250092,1466390753370,32000
C-FKCR,43.801513,-95.263824,1466390760245,32000
C-FKCR,43.797882,-95.292402,1466390766886,32000
C-FKCR,43.796718,-95.316271,1466390777120,32000
C-FKCR,43.799092,-95.331573,1466390780292,32000
C-FKCR,43.799092,-95.331573,1466390780292,32000
C-FKCR,43.796578,-95.36087,1466390790917,32000
C-FKCR,43.794204,-95.373819,1466390797777,32000
C-FKCR,43.791178,-95.394222,1466390801558,32000
C-FKCR,43.788618,-95.402723,1466390808636,32000
C-FKCR,43.789083,-95.415671,1466390813074,32000
C-FKCR,43.783823,-95.43869,1466390827293,32000
C-FKCR,43.781216,-95.45033,1466390831214,32000
C-FKCR,43.781216,-95.45033,1466390832605,32000
C-FKCR,43.779307,-95.466679,1466390835589,32000
C-FKCR,43.778609,-95.474069,1466390841089,32000
C-FKCR,43.773581,-95.492576,1466390851871,32000
C-FKCR,43.771905,-95.501731,1466390853668,32000
C-FKCR,43.77009,-95.513371,1466390856621,32000
C-FKCR,43.769019,-95.519518,1466390860761,32000
C-FKCR,43.76888,-95.524815,1466390861918,32000
C-FKCR,43.766412,-95.539594,1466390867199,32000
C-FKCR,43.764411,-95.555224,1466390873933,32000
C-FKCR,43.763479,-95.563725,1466390876418,32000
C-FKCR,43.76171,-95.584128,1466390885496,32000
C-FKCR,43.76171,-95.584128,1466390887074,32000
C-FKCR,43.759383,-95.613621,1466390893136,32000
C-FKCR,43.757614,-95.625916,1466390896230,32000
C-FKCR,43.756497,-95.629905,1466390899793,32000
C-FKCR,43.755798,-95.639779,1466390906074,32000
C-FKCR,43.7551,-95.64488,1466390907418,32000
C-FKCR,43.754122,-95.652727,1466390908496,32000
C-FKCR,43.752586,-95.664302,1466390915590,32000
C-FKCR,43.749979,-95.688825,1466390926574,32000
C-FKCR,43.74551,-95.718972,1466390934840,32000
C-FKCR,43.74551,-95.718972,1466390935965,32000
C-FKCR,43.744021,-95.73107,1466390941809,32000
C-FKCR,43.744207,-95.737479,1466390945840,32000
C-FKCR,43.742391,-95.740814,1466390947277,32000
C-FKCR,43.739691,-95.783517,1466390959949,32000
C-FKCR,43.737503,-95.782275,1466390961449,32000
C-FKCR,43.735502,-95.784694,1466390964340,32000
C-FKCR,43.734291,-95.790383,1466390966668,32000
C-FKCR,43.731405,-95.806732,1466390969637,32000
C-FKCR,43.739691,-95.783517,1466390959949,32000
C-FKCR,43.737503,-95.782275,1466390961449,32000
C-FKCR,43.735502,-95.784694,1466390964340,32000
C-FKCR,43.734291,-95.790383,1466390966668,32000
C-FKCR,43.731405,-95.806732,1466390969637,32000
C-FKCR,43.724282,-95.832105,1466390986527,32000
C-FKCR,43.719581,-95.854928,1466390990949,32000
C-FKCR,43.716881,-95.856694,1466390992121,32000
C-FKCR,43.690486,-95.891615,1466391009809,32000
C-FKCR,43.680384,-95.935822,1466391030231,32000
C-FKCR,43.682013,-95.943407,1466391035778,32000
C-FKCR,43.681222,-95.951124,1466391036949,32000
C-FKCR,43.677311,-95.970415,1466391042606,32000
C-FKCR,43.677704,-95.990679,1466391048793,32000
C-FKCR,43.677404,-96.017892,1466391055387,32000
C-FKCR,43.685179,-96.018284,1466391057137,32000
C-FKCR,43.683922,-96.026197,1466391062075,32000
C-FKCR,43.685504,-96.031233,1466391065903,32000
C-FKCR,43.680104,-96.043004,1466391068825,32000
C-FKCR,43.673494,-96.064715,1466391076106,32000
C-FKCR,43.668513,-96.068704,1466391081450,32000
C-FKCR,43.664184,-96.08381,1466391088231,32000
C-FKCR,43.664184,-96.08381,1466391089747,32000
C-FKCR,43.664184,-96.08381,1466391088231,32000
C-FKCR,43.664184,-96.08381,1466391089747,32000
C-FKCR,43.659901,-96.096627,1466391099919,32000
C-FKCR,43.656596,-96.107875,1466391100919,32000
C-FKCR,43.654082,-96.118404,1466391103559,32000
C-FKCR,43.648914,-96.12612,1466391104872,32000
C-FKCR,43.646121,-96.13351,1466391108825,32000
C-FKCR,43.641001,-96.134229,1466391110231,32000
C-FKCR,43.636578,-96.141423,1466391116903,32000
C-FKCR,43.634018,-96.148289,1466391119044,32000
C-FKCR,43.621914,-96.163788,1466391123684,32000
C-FKCR,43.609997,-96.182295,1466391135247,32000
C-FKCR,43.61279,-96.190992,1466391136637,32000
C-FKCR,43.607297,-96.214207,1466391144825,32000
C-FKCR,43.602223,-96.228986,1466391151606,32000
C-FKCR,43.60171,-96.236899,1466391154356,32000
C-FKCR,43.602688,-96.242785,1466391157497,32000
C-FKCR,43.603479,-96.248409,1466391158778,32000
C-FKCR,43.602409,-96.253313,1466391160575,32000
C-FKCR,43.600779,-96.26842,1466391164153,32000
C-FKCR,43.6005,-96.276725,1466391171684,32000
C-FKCR,43.597288,-96.295624,1466391174231,32000
C-FKCR,43.598219,-96.298501,1466391180825,32000
C-FKCR,43.597893,-96.309291,1466391182044,32000
C-FKCR,43.595985,-96.321324,1466391187169,32000
C-FKCR,43.594495,-96.328779,1466391189450,32000
C-FKCR,43.594402,-96.331329,1466391190950,32000
C-FKCR,43.591283,-96.348201,1466391198028,32000
C-FKCR,43.591003,-96.350621,1466391201466,32000
C-FKCR,43.589002,-96.362588,1466391204309,32000
C-FKCR,43.586721,-96.37449,1466391209091,32000
C-FKCR,43.589002,-96.362588,1466391204309,32000
C-FKCR,43.586721,-96.37449,1466391209091,32000
C-FKCR,43.588396,-96.380702,1466391211075,32000
C-FKCR,43.589979,-96.383384,1466391214059,32000
C-FKCR,43.589886,-96.388615,1466391215216,32000
C-FKCR,43.58849,-96.398621,1466391220575,32000
C-FKCR,43.587605,-96.406272,1466391221731,32000
C-FKCR,43.585277,-96.412288,1466391223169,32000
C-FKCR,43.583602,-96.425106,1466391228388,32000
C-FKCR,43.580715,-96.432168,1466391233419,32000
C-FKCR,43.580902,-96.439427,1466391234966,32000
C-FKCR,43.578807,-96.46977,1466391248528,32000
C-FKCR,43.578202,-96.487688,1466391253263,32000
C-FKCR,43.57592,-96.504495,1466391259466,32000
C-FKCR,43.577783,-96.509007,1466391262544,32000
C-FKCR,43.577783,-96.509007,1466391263622,32000
C-FKCR,43.578807,-96.517312,1466391265060,32000
C-FKCR,43.579412,-96.527187,1466391271232,32000
C-FKCR,43.578714,-96.552168,1466391280138,32000
C-FKCR,43.576293,-96.563481,1466391285560,32000
C-FKCR,43.572895,-96.572571,1466391288497,32000
C-FKCR,43.574198,-96.577214,1466391290029,32000
C-FKCR,43.581414,-96.585192,1466391292841,32000
C-FKCR,43.585603,-96.598598,1466391297435,32000
C-FKCR,43.585091,-96.614227,1466391303232,32000
C-FKCR,43.581507,-96.619786,1466391305888,32000
C-FKCR,43.582577,-96.623317,1466391308185,32000
C-FKCR,43.584021,-96.629268,1466391309451,32000
C-FKCR,43.584486,-96.640712,1466391313310,32000
C-FKCR,43.585603,-96.650914,1466391319576,32000
C-FKCR,43.582903,-96.657715,1466391324576,32000
C-FKCR,43.585277,-96.671382,1466391327404,32000
C-FKCR,43.582903,-96.657715,1466391324576,32000
C-FKCR,43.585277,-96.671382,1466391327404,32000
C-FKCR,43.586022,-96.681126,1466391331857,32000
C-FKCR,43.584905,-96.694532,1466391338107,32000
C-FKCR,43.58039,-96.695709,1466391340685,32000
C-FKCR,43.585277,-96.738804,1466391363732,32000
C-FKCR,43.587279,-96.749268,1466391364951,32000
C-FKCR,43.588117,-96.768886,1466391374513,32000
C-FKCR,43.589421,-96.772025,1466391376091,32000
C-FKCR,43.599616,-96.795371,1466391384170,32000
C-FKCR,43.599616,-96.795371,1466391385388,32000
C-FKCR,43.601291,-96.802891,1466391393920,32000
C-FKCR,43.602688,-96.84082,1466391407091,32000
C-FKCR,43.605109,-96.856384,1466391415185,32000
C-FKCR,43.6086,-96.859327,1466391417170,32000
C-FKCR,43.624009,-96.865605,1466391423545,32000
C-FKCR,43.623497,-96.880907,1466391426545,32000
C-FKCR,43.622892,-96.887774,1466391430170,32000
C-FKCR,43.621914,-96.886008,1466391434482,32000
C-FKCR,43.62238,-96.896275,1466391439638,32000
C-FKCR,43.621495,-96.900003,1466391440763,32000
C-FKCR,43.621123,-96.904515,1466391443373,32000
C-FKCR,43.622193,-96.909812,1466391448935,32000
C-FKCR,43.602688,-96.84082,1466391407091,32000
C-FKCR,43.605109,-96.856384,1466391415185,32000
C-FKCR,43.6086,-96.859327,1466391417170,32000
C-FKCR,43.624009,-96.865605,1466391423545,32000
C-FKCR,43.623497,-96.880907,1466391426545,32000
C-FKCR,43.622892,-96.887774,1466391430170,32000
C-FKCR,43.621914,-96.886008,1466391434482,32000
C-FKCR,43.62238,-96.896275,1466391439638,32000
C-FKCR,43.621495,-96.900003,1466391440763,32000
C-FKCR,43.621123,-96.904515,1466391443373,32000
C-FKCR,43.622193,-96.909812,1466391448935,32000
C-FKCR,43.622193,-96.909812,1466391450748,32000
C-FKCR,43.620285,-96.924918,1466391459170,32000
C-FKCR,43.620611,-96.941398,1466391465482,32000
C-FKCR,43.739179,-97.150399,1466391539233,32000
C-FKCR,43.784195,-97.322388,1466391560780,32000
C-FKCR,43.754588,-97.257908,1466391567436,32000
C-FKCR,43.739179,-97.150399,1466391539233,32000
C-FKCR,43.784195,-97.322388,1466391560780,32000
C-FKCR,43.754588,-97.257908,1466391567436,32000
C-FKCR,43.761804,-97.300677,1466391584686,32000
C-FKCR,43.769717,-97.288186,1466391586890,32000
C-FKCR,43.778097,-97.29878,1466391590968,32000
C-FKCR,43.782892,-97.3046,1466391594530,32000
C-FKCR,43.868082,-97.634909,1466391661171,32000
C-FKCR,43.827023,-97.532305,1466391668124,32000
C-FKCR,43.854117,-97.523084,1466391679999,32000
C-FKCR,43.857981,-97.516479,1466391681452,32000
C-FKCR,43.85961,-97.531193,1466391685640,32000
C-FKCR,43.827023,-97.532305,1466391668124,32000
C-FKCR,43.854117,-97.523084,1466391679999,32000
C-FKCR,43.857981,-97.516479,1466391681452,32000
C-FKCR,43.85961,-97.531193,1466391685640,32000
C-FKCR,43.853605,-97.565395,1466391692156,32000
C-FKCR,43.861984,-97.559182,1466391693937,32000
C-FKCR,43.861193,-97.568468,1466391695093,32000
C-FKCR,43.867291,-97.561798,1466391698671,32000
C-FKCR,43.872319,-97.574092,1466391704765,32000
C-FKCR,43.878603,-97.576381,1466391707078,32000
C-FKCR,43.879208,-97.609209,1466391718124,32000
C-FKCR,43.885307,-97.603912,1466391720218,32000
C-FKCR,43.892708,-97.620196,1466391727875,32000
C-FKCR,43.919802,-97.678593,1466391757890,32000
C-FKCR,43.921385,-97.680882,1466391763015,32000
C-FKCR,43.929392,-97.711094,1466391777172,32000
C-FKCR,43.941821,-97.730386,1466391785953,32000
C-FKCR,43.954623,-97.73928,1466391790687,32000
C-FKCR,43.958999,-97.743269,1466391794640,32000
C-FKCR,43.964492,-97.752882,1466391799390,32000
C-FKCR,43.967518,-97.758833,1466391801969,32000
C-FKCR,43.964492,-97.752882,1466391799390,32000
C-FKCR,43.967518,-97.758833,1466391801969,32000
C-FKCR,43.990794,-97.828086,1466391835797,32000
C-FKCR,43.99638,-97.848031,1466391848766,32000
C-FKCR,43.997777,-97.85287,1466391850344,32000
C-FKCR,44.000617,-97.861176,1466391855141,32000
C-FKCR,44.002711,-97.868304,1466391856766,32000
C-FKCR,44.021798,-97.935595,1466391941180,NA
C-FKCR,44.021798,-97.935595,1466391941180,NA
C-FKCR,44.021798,-97.935595,1466391941180,NA
C-FKCR,44.021798,-97.935595,1466391941180,NA
C-FKCR,44.021798,-97.935595,1466391941180,NA
C-FKCR,44.021798,-97.935595,1466391941180,NA
C-FKCR,44.021798,-97.935595,1466391941180,NA
C-FKCR,44.021798,-97.935595,1466391941180,NA
C-FKCR,44.021798,-97.935595,1466391941180,NA
C-FKCR,44.021798,-97.935595,1466391941180,NA
C-FKCR,44.021798,-97.935595,1466391941180,NA
C-FKCR,44.021798,-97.935595,1466391941180,NA
C-FKCR,44.021798,-97.935595,1466391941180,NA
C-FKCR,44.021798,-97.935595,1466391941180,NA
C-FKCR,44.021798,-97.935595,1466391941180,NA
C-FKCR,44.021798,-97.935595,1466391941180,NA
C-FKCR,44.021798,-97.935595,1466391941180,NA
C-FKCR,44.021798,-97.935595,1466391941180,NA
C-FKCR,44.021798,-97.935595,1466391941180,NA
C-FKCR,44.021798,-97.935595,1466391941180,NA
C-FKCR,44.021798,-97.935595,1466391941180,NA
C-FKCR,44.021798,-97.935595,1466391941180,NA
C-FKCR,44.021798,-97.935595,1466391941180,NA
C-FKCR,44.021798,-97.935595,1466391941180,NA
C-FKCR,44.021798,-97.935595,1466391941180,NA
C-FKCR,44.021798,-97.935595,1466391941180,NA
C-FKCR,44.021798,-97.935595,1466391941180,NA
C-FKCR,44.021798,-97.935595,1466391941180,NA
C-FKCR,44.021798,-97.935595,1466391941180,NA
C-FKCR,44.021798,-97.935595,1466391941180,NA
C-FKCR,44.021798,-97.935595,1466391941180,NA
C-FKCR,44.021798,-97.935595,1466391941180,NA
C-FKCR,44.021798,-97.935595,1466391941180,NA
C-FKCR,44.021798,-97.935595,1466391941180,NA
C-FKCR,44.021798,-97.935595,1466391941180,NA
C-FKCR,44.021798,-97.935595,1466391941180,NA
C-FKCR,44.021798,-97.935595,1466391941180,NA
C-FKCR,44.021798,-97.935595,1466391941180,NA
C-FKCR,44.021798,-97.935595,1466391941180,NA
C-FKCR,44.021798,-97.935595,1466391941180,NA
C-FKCR,44.021798,-97.935595,1466391941180,NA
C-FKCR,44.021798,-97.935595,1466391941180,NA
C-FKCR,47.5182,-115.689301,1466399237841,34000
C-FKCR,47.5182,-115.689301,1466399237841,34000
C-FKCR,47.5182,-115.689301,1466399237841,34000
C-FKCR,47.5182,-115.689301,1466399237841,34000
C-FKCR,47.5182,-115.689301,1466399237841,34000
C-FKCR,47.5182,-115.689301,1466399237841,34000
C-FKCR,47.5182,-115.689301,1466399237841,34000
C-FKCR,47.5182,-115.689301,1466399237841,34000
C-FKCR,47.5182,-115.689301,1466399237841,34000
C-FKCR,47.5182,-115.689301,1466399237841,34000
C-FKCR,47.747101,-117.256302,1466399842202,34000
C-FKCR,47.747101,-117.256302,1466399842202,34000
C-FKCR,47.747101,-117.256302,1466399842202,34000
C-FKCR,47.747101,-117.256302,1466399842202,34000
C-FKCR,47.747101,-117.256302,1466399842202,34000
C-FKCR,47.747101,-117.256302,1466399842202,34000
C-FKCR,47.747101,-117.256302,1466399842202,34000
C-FKCR,47.747101,-117.256302,1466399842202,34000
C-FKCR,47.747101,-117.256302,1466399842202,34000
C-FKCR,47.747101,-117.256302,1466399842202,34000
C-FKCR,47.747101,-117.256302,1466399842202,34000
C-FKCR,47.975399,-119.000198,1466400498141,34000
C-FKCR,47.985001,-119.0047,1466400505673,34000
C-FKCR,47.980099,-119.010201,1466400509501,34000
C-FKCR,47.975399,-119.000198,1466400498141,34000
C-FKCR,47.985001,-119.0047,1466400505673,34000
C-FKCR,47.980099,-119.010201,1466400509501,34000
C-FKCR,47.988899,-119.069298,1466400520626,34000
C-FKCR,47.984501,-119.105499,1466400529110,34000
C-FKCR,47.986401,-119.137001,1466400540954,34000
C-FKCR,47.989601,-119.171204,1466400548391,34000
C-FKCR,47.989799,-119.177696,1466400555595,34000
C-FKCR,47.990299,-119.192902,1466400557048,34000
C-FKCR,47.996601,-119.257698,1466400578782,34000
C-FKCR,48.000099,-119.290802,1466400591767,34000
C-FKCR,48.001598,-119.305298,1466400595454,34000
C-FKCR,48.004501,-119.328201,1466400603220,34000
C-FKCR,48.006699,-119.3181,1466400606360,34000
C-FKCR,48.0107,-119.345001,1466400615751,34000
C-FKCR,48.011799,-119.355904,1466400621595,34000
C-FKCR,48.013302,-119.369598,1466400627001,34000
C-FKCR,48.0168,-119.402397,1466400638626,34000
C-FKCR,48.017399,-119.407799,1466400640564,34000
C-FKCR,48.0201,-119.429703,1466400648861,34000
C-FKCR,48.020901,-119.435501,1466400650892,34000
C-FKCR,48.022701,-119.449402,1466400653939,34000
C-FKCR,48.0243,-119.464203,1466400659673,34000
C-FKCR,48.024399,-119.466904,1466400662548,34000
C-FKCR,48.024899,-119.472397,1466400663736,34000
C-FKCR,48.026402,-119.486298,1466400668673,34000
C-FKCR,48.029499,-119.511002,1466400675939,34000
C-FKCR,48.0303,-119.516403,1466400678720,34000
C-FKCR,48.0313,-119.524696,1466400683892,34000
C-FKCR,48.033199,-119.541298,1466400688314,34000
C-FKCR,48.033199,-119.541298,1466400688314,34000
C-FKCR,48.037701,-119.573601,1466400697392,34000
C-FKCR,48.037701,-119.573601,1466400698830,34000
C-FKCR,48.040199,-119.5933,1466400708189,34000
C-FKCR,48.041401,-119.597198,1466400710627,34000
C-FKCR,48.0452,-119.624298,1466400719361,34000
C-FKCR,48.0453,-119.623299,1466400721923,34000
C-FKCR,48.046902,-119.636703,1466400724720,34000
C-FKCR,48.052898,-119.684502,1466400743111,34000
C-FKCR,48.054298,-119.697998,1466400744173,34000
C-FKCR,48.0555,-119.710197,1466400749267,34000
C-FKCR,48.0555,-119.710197,1466400749267,34000
C-FKCR,48.0578,-119.729401,1466400760064,34000
C-FKCR,48.060299,-119.746696,1466400765486,34000
C-FKCR,48.062199,-119.762703,1466400771720,34000
C-FKCR,48.063099,-119.7705,1466400776517,34000
C-FKCR,48.064701,-119.7827,1466400777580,34000
C-FKCR,48.066299,-119.796303,1466400781580,34000
C-FKCR,48.067299,-119.805199,1466400787924,34000
C-FKCR,48.0704,-119.832001,1466400797642,34000
C-FKCR,48.070702,-119.835403,1466400799158,34000
C-FKCR,48.071999,-119.844398,1466400800783,34000
C-FKCR,48.074001,-119.860802,1466400806642,34000
C-FKCR,48.074001,-119.860802,1466400808377,34000
C-FKCR,48.074001,-119.860802,1466400806642,34000
C-FKCR,48.074001,-119.860802,1466400808377,34000
C-FKCR,48.074501,-119.864304,1466400813017,34000
C-FKCR,48.0774,-119.8862,1466400820142,34000
C-FKCR,48.0779,-119.8908,1466400821627,34000
C-FKCR,48.0816,-119.894699,1466400825721,34000
C-FKCR,48.083302,-119.907402,1466400832971,34000
C-FKCR,48.084301,-119.9142,1466400834158,34000
C-FKCR,48.086399,-119.928802,1466400839596,34000
C-FKCR,48.0877,-119.939301,1466400842517,34000
C-FKCR,48.089298,-119.974899,1466400847017,34000
C-FKCR,48.089001,-119.974701,1466400848049,34000
C-FKCR,48.090199,-119.985397,1466400853205,34000
C-FKCR,48.091702,-119.999496,1466400858033,34000
C-FKCR,48.091499,-119.999199,1466400859517,34000
C-FKCR,48.092999,-120.012398,1466400860924,34000
C-FKCR,48.094607,-120.025916,1466400865971,34000
C-FKCR,48.094607,-120.025916,1466400865971,34000
C-FKCR,48.097301,-120.047699,1466400875096,34000
C-FKCR,48.0989,-120.060898,1466400881564,34000
C-FKCR,48.100101,-120.0811,1466400883674,34000
C-FKCR,48.101101,-120.0895,1466400886783,34000
C-FKCR,48.1008,-120.089996,1466400888330,34000
C-FKCR,48.1026,-120.104301,1466400891580,34000
C-FKCR,48.103298,-120.1091,1466400892705,34000
C-FKCR,48.104401,-120.120697,1466400898643,34000
C-FKCR,48.105598,-120.131599,1466400902689,34000
C-FKCR,48.104301,-120.141701,1466400903846,34000
C-FKCR,48.1063,-120.177002,1466400914846,34000
C-FKCR,48.1063,-120.177399,1466400916346,34000
C-FKCR,48.1077,-120.1931,1466400921627,34000
C-FKCR,48.110001,-120.212601,1466400924643,34000
C-FKCR,48.1115,-120.227699,1466400934268,34000
C-FKCR,48.111599,-120.242401,1466400935721,34000
C-FKCR,48.112999,-120.2547,1466400940705,34000
C-FKCR,48.113499,-120.257698,1466400942002,34000
C-FKCR,48.114201,-120.286301,1466400951190,34000
C-FKCR,48.114498,-120.305801,1466400956018,34000
C-FKCR,48.114498,-120.317703,1466400957705,34000
C-FKCR,48.115601,-120.334801,1466400961737,34000
C-FKCR,48.116699,-120.352203,1466400970627,34000
C-FKCR,48.1175,-120.360901,1466400974565,34000
C-FKCR,48.118999,-120.371399,1466400979143,34000
C-FKCR,48.121201,-120.390701,1466400985862,34000
C-FKCR,48.122299,-120.397797,1466400989331,34000
C-FKCR,48.122299,-120.397797,1466400989331,34000
C-FKCR,48.124599,-120.405602,1466400991253,34000
C-FKCR,48.126202,-120.413696,1466400995878,34000
C-FKCR,48.1306,-120.431503,1466401005487,34000
C-FKCR,48.132999,-120.4468,1466401010112,34000
C-FKCR,48.134998,-120.460999,1466401014378,34000
C-FKCR,48.1366,-120.473198,1466401020737,34000
C-FKCR,48.138699,-120.4879,1466401023393,34000
C-FKCR,48.139099,-120.488701,1466401025315,34000
C-FKCR,48.140301,-120.496902,1466401027674,34000
C-FKCR,48.1422,-120.511101,1466401033237,34000
C-FKCR,48.1427,-120.513603,1466401034612,34000
C-FKCR,48.144798,-120.530602,1466401038378,34000
C-FKCR,48.145901,-120.539101,1466401040721,34000
C-FKCR,48.146599,-120.544899,1466401044768,34000
C-FKCR,48.148602,-120.559601,1466401049065,34000
C-FKCR,48.148602,-120.559601,1466401049065,34000
C-FKCR,48.151402,-120.561203,1466401051362,34000
C-FKCR,48.151402,-120.561203,1466401053112,34000
C-FKCR,48.153301,-120.567001,1466401054143,34000
C-FKCR,48.153301,-120.567497,1466401058346,34000
C-FKCR,48.155602,-120.587898,1466401064003,34000
C-FKCR,48.1558,-120.590401,1466401065518,34000
C-FKCR,48.157902,-120.607399,1466401069768,34000
C-FKCR,48.159199,-120.6185,1466401075237,34000
C-FKCR,48.163101,-120.620499,1466401077987,34000
C-FKCR,48.166,-120.621498,1466401081362,34000
C-FKCR,48.166,-120.621498,1466401082518,34000
C-FKCR,48.1661,-120.617996,1466401084409,34000
C-FKCR,48.169498,-120.6381,1466401088143,34000
C-FKCR,48.170601,-120.645103,1466401089847,34000
C-FKCR,48.172401,-120.656898,1466401094800,34000
C-FKCR,48.173199,-120.664001,1466401099925,34000
C-FKCR,48.174099,-120.690598,1466401102737,34000
C-FKCR,48.173199,-120.693604,1466401104190,34000
C-FKCR,48.173,-120.702103,1466401106378,34000
C-FKCR,48.173901,-120.713203,1466401110565,34000
C-FKCR,48.173901,-120.713203,1466401111909,34000
C-FKCR,48.1758,-120.726097,1466401114628,34000
C-FKCR,48.1759,-120.7397,1466401117722,34000
C-FKCR,48.1758,-120.741699,1466401121222,34000
C-FKCR,48.178501,-120.755402,1466401124253,34000
C-FKCR,48.179699,-120.758102,1466401129206,34000
C-FKCR,48.180801,-120.759499,1466401130878,34000
C-FKCR,48.182598,-120.773201,1466401136050,34000
C-FKCR,48.1847,-120.797302,1466401138972,34000
C-FKCR,48.188,-120.819,1466401148128,34000
C-FKCR,48.1912,-120.834198,1466401153597,34000
C-FKCR,48.194901,-120.853104,1466401163487,34000
C-FKCR,48.1973,-120.864098,1466401167753,34000
C-FKCR,48.1973,-120.864098,1466401167753,34000
C-FKCR,48.1978,-120.869904,1466401170534,34000
C-FKCR,48.1991,-120.875504,1466401172800,34000
C-FKCR,48.195301,-120.898697,1466401175956,34000
C-FKCR,48.195301,-120.898697,1466401177050,34000
C-FKCR,48.196602,-120.912498,1466401179644,34000
C-FKCR,48.194099,-120.945099,1466401191894,34000
C-FKCR,48.195,-120.960701,1466401195190,34000
C-FKCR,48.1954,-120.987,1466401203925,34000
C-FKCR,48.195599,-121.003403,1466401210362,34000
C-FKCR,48.194401,-121.037697,1466401215284,34000
C-FKCR,48.1968,-121.042,1466401216487,34000
C-FKCR,48.200199,-121.055199,1466401222191,34000
C-FKCR,48.201599,-121.0494,1466401224675,34000
C-FKCR,48.202608,-121.07201,1466401231863,34000
C-FKCR,48.205308,-121.072227,1466401233191,34000
C-FKCR,48.208287,-121.079889,1466401237488,34000
C-FKCR,48.208282,-121.0799,1466401238597,34000
C-FKCR,48.209497,-121.093694,1466401245628,34000
C-FKCR,48.210522,-121.104825,1466401248769,34000
C-FKCR,48.213315,-121.12658,1466401253691,34000
C-FKCR,48.214804,-121.141108,1466401259253,34000
C-FKCR,48.212104,-121.142988,1466401260363,34000
C-FKCR,48.212011,-121.140313,1466401261722,34000
C-FKCR,48.216899,-121.163081,1466401267753,34000
C-FKCR,48.219087,-121.185198,1466401276254,33500
C-FKCR,48.220484,-121.178766,1466401277472,33500
C-FKCR,48.223417,-121.202834,1466401280457,33500
C-FKCR,48.222519,-121.225609,1466401287238,33500
C-FKCR,48.214804,-121.141108,1466401259253,34000
C-FKCR,48.212104,-121.142988,1466401260363,34000
C-FKCR,48.212011,-121.140313,1466401261722,34000
C-FKCR,48.216899,-121.163081,1466401267753,34000
C-FKCR,48.219087,-121.185198,1466401276254,33500
C-FKCR,48.220484,-121.178766,1466401277472,33500
C-FKCR,48.223417,-121.202834,1466401280457,33500
C-FKCR,48.222519,-121.225609,1466401287238,33500
C-FKCR,48.225791,-121.239769,1466401292082,33500
C-FKCR,48.22728,-121.255164,1466401296550,33000
C-FKCR,48.229515,-121.276486,1466401303082,33000
C-FKCR,48.229515,-121.276486,1466401304988,33000
C-FKCR,48.229887,-121.295134,1466401309191,33000
C-FKCR,48.231005,-121.307566,1466401313582,32500
C-FKCR,48.231995,-121.31519,1466401319035,32500
C-FKCR,48.277697,-121.379121,1466401380566,29500
C-FKCR,48.287891,-121.361269,1466401384926,29500
C-FKCR,48.267315,-121.517029,1466401396816,29000
C-FKCR,48.266198,-121.535026,1466401402098,28500
C-FKCR,48.26619,-121.534987,1466401404176,28500
C-FKCR,48.287286,-121.505031,1466401413285,28500
C-FKCR,48.262008,-121.607232,1466401420598,28000
C-FKCR,48.263992,-121.626329,1466401421801,28000
C-FKCR,48.263917,-121.635132,1466401425426,28000
C-FKCR,48.265314,-121.662381,1466401433457,28000
C-FKCR,48.267222,-121.679294,1466401439832,28000
C-FKCR,48.2682,-121.715072,1466401448707,28000
C-FKCR,48.270108,-121.729022,1466401455426,28000
C-FKCR,48.2736,-121.722227,1466401459754,27500
C-FKCR,48.273605,-121.722177,1466401461426,27500
C-FKCR,48.276393,-121.7296,1466401467848,27500
C-FKCR,48.276998,-121.73849,1466401469051,27500
C-FKCR,48.265314,-121.662381,1466401433457,28000
C-FKCR,48.267222,-121.679294,1466401439832,28000
C-FKCR,48.2682,-121.715072,1466401448707,28000
C-FKCR,48.270108,-121.729022,1466401455426,28000
C-FKCR,48.2736,-121.722227,1466401459754,27500
C-FKCR,48.273605,-121.722177,1466401461426,27500
C-FKCR,48.276393,-121.7296,1466401467848,27500
C-FKCR,48.276998,-121.73849,1466401469051,27500
C-FKCR,48.279884,-121.736177,1466401471863,27500
C-FKCR,48.278595,-121.739572,1466401473973,27000
C-FKCR,48.27779,-121.758005,1466401476801,27000
C-FKCR,48.277883,-121.788868,1466401487067,27000
C-FKCR,48.265314,-121.662381,1466401433457,28000
C-FKCR,48.267222,-121.679294,1466401439832,28000
C-FKCR,48.2682,-121.715072,1466401448707,28000
C-FKCR,48.270108,-121.729022,1466401455426,28000
C-FKCR,48.2736,-121.722227,1466401459754,27500
C-FKCR,48.273605,-121.722177,1466401461426,27500
C-FKCR,48.276393,-121.7296,1466401467848,27500
C-FKCR,48.276998,-121.73849,1466401469051,27500
C-FKCR,48.279884,-121.736177,1466401471863,27500
C-FKCR,48.278595,-121.739572,1466401473973,27000
C-FKCR,48.27779,-121.758005,1466401476801,27000
C-FKCR,48.277883,-121.788868,1466401487067,27000
C-FKCR,48.239477,-122.236995,1466401634458,24000
C-FKCR,48.181194,-122.222033,1466401638755,24000
C-FKCR,48.182683,-122.220587,1466401642770,24000
C-FKCR,48.182218,-122.216468,1466401644098,24000
C-FKCR,48.182218,-122.216468,1466401644098,24000
C-FKCR,48.161502,-122.251306,1466401661005,23500
C-FKCR,48.2314,-122.376568,1466401697864,20500
C-FKCR,48.2314,-122.376568,1466401698880,20000
C-FKCR,48.227606,-122.390514,1466401704474,19500
C-FKCR,48.236405,-122.436411,1466401717380,18500
C-FKCR,48.240781,-122.441832,1466401718817,18500
C-FKCR,48.243713,-122.463588,1466401723177,18000
C-FKCR,48.295107,-122.535505,1466401767208,16500
C-FKCR,48.301208,-122.5458,1466401772318,16500
C-FKCR,48.286216,-122.594484,1466401775130,16500
C-FKCR,48.300693,-122.696324,1466401812005,13500
C-FKCR,48.302183,-122.71013,1466401815739,13000
C-FKCR,48.302695,-122.713021,1466401817021,13000
C-FKCR,48.305116,-122.727693,1466401823396,12500
C-FKCR,48.30628,-122.747281,1466401829693,12000
C-FKCR,48.30628,-122.747281,1466401829693,12000
C-FKCR,48.308002,-122.760219,1466401834068,11500
C-FKCR,48.308188,-122.764122,1466401835412,11500
C-FKCR,48.309212,-122.765784,1466401836552,11500
C-FKCR,48.311307,-122.779228,1466401841958,11000
C-FKCR,48.312797,-122.787323,1466401843302,11000
C-FKCR,48.314193,-122.795418,1466401849677,10500
C-FKCR,48.316498,-122.808979,1466401858865,10000
C-FKCR,48.306885,-122.861192,1466401867021,10000
C-FKCR,48.308793,-122.871527,1466401871896,10000
C-FKCR,48.32341,-122.891306,1466401880506,10000
C-FKCR,48.327601,-122.902101,1466401889302,9500
C-FKCR,48.327601,-122.902101,1466401889302,9500
C-FKCR,48.333978,-122.90492,1466401890693,9500
C-FKCR,48.339192,-122.914895,1466401896662,9500
C-FKCR,48.342683,-122.925303,1466401906209,9500
C-FKCR,48.347106,-122.928989,1466401907709,9500
C-FKCR,48.349686,-122.939617,1466401915552,9500
C-FKCR,48.353204,-122.952985,1466401918490,9500
C-FKCR,48.356094,-122.964971,1466401927662,9000
C-FKCR,48.356277,-122.977295,1466401933084,9000
C-FKCR,48.355316,-122.98152,1466401934771,9000
C-FKCR,48.357115,-122.992232,1466401942209,8500
C-FKCR,48.357101,-122.992225,1466401943834,8500
C-FKCR,48.358612,-123.003423,1466401945068,8500
C-FKCR,48.358791,-123.016518,1466401951537,8500
C-FKCR,48.358884,-123.027288,1466401955209,8000
C-FKCR,48.358418,-123.027721,1466401956740,8000
C-FKCR,48.358017,-123.02948,1466401961693,7500
C-FKCR,48.358092,-123.034009,1466401963490,7500
C-FKCR,48.358697,-123.054175,1466401978224,7000
C-FKCR,48.357813,-123.055621,1466401979365,7000
C-FKCR,48.357906,-123.058801,1466401982224,7000
C-FKCR,48.359815,-123.066029,1466401985771,7000
C-FKCR,48.358795,-123.076665,1466401991599,6500
C-FKCR,48.356781,-123.082299,1466401993412,6500
C-FKCR,48.359209,-123.093206,1466401999037,6500
C-FKCR,48.359209,-123.093206,1466402000271,6500
C-FKCR,48.359582,-123.104987,1466402005146,6000
C-FKCR,48.359023,-123.113733,1466402008131,6000
C-FKCR,48.359582,-123.104987,1466402005146,6000
C-FKCR,48.359023,-123.113733,1466402008131,6000
C-FKCR,48.395101,-123.200322,1466402059990,4000
C-FKCR,48.397615,-123.203792,1466402061209,4000
C-FKCR,48.397614,-123.203782,1466402062912,4000
C-FKCR,48.39761,-123.203796,1466402073006,4000
C-FKCR,48.466512,-123.180879,1466402125443,2500
C-FKCR,48.466512,-123.180879,1466402125443,2500
C-FKCR,48.499099,-123.177121,1466402155365,2500
C-FKCR,48.466512,-123.180879,1466402125443,2500
C-FKCR,48.499099,-123.177121,1466402155365,2500
C-FKCR,48.466512,-123.180879,1466402125443,2500
C-FKCR,48.499099,-123.177121,1466402155365,2500
C-FKCR,48.466512,-123.180879,1466402125443,2500
C-FKCR,48.499099,-123.177121,1466402155365,2500
